<Objs Version="1.1.0.1" xmlns="http://schemas.microsoft.com/powershell/2004/04">
  <Obj RefId="0">
    <TN RefId="0">
      <T>Microsoft.PowerShell.Commands.PSRepositoryItemInfo</T>
      <T>System.Management.Automation.PSCustomObject</T>
      <T>System.Object</T>
    </TN>
    <MS>
      <S N="Name">PureStoragePowerShellToolkit.DatabaseTools</S>
      <Version N="Version">3.0.1</Version>
      <S N="Type">Module</S>
      <S N="Description">PowerShell Toolkit for Pure Storage Flasharray and Initiators.</S>
      <S N="Author">Pure Storage</S>
      <Obj N="CompanyName" RefId="1">
        <TN RefId="1">
          <T>System.Object[]</T>
          <T>System.Array</T>
          <T>System.Object</T>
        </TN>
        <LST>
          <S>barkz</S>
          <S>mnelson-pure</S>
        </LST>
      </Obj>
      <S N="Copyright">(c) 2023 Pure Storage, Inc. All rights reserved.</S>
      <DT N="PublishedDate">2023-06-28T15:48:23+02:00</DT>
      <Obj N="InstalledDate" RefId="2">
        <DT>2024-01-25T07:58:30.2827893+02:00</DT>
        <MS>
          <Obj N="DisplayHint" RefId="3">
            <TN RefId="2">
              <T>Microsoft.PowerShell.Commands.DisplayHintType</T>
              <T>System.Enum</T>
              <T>System.ValueType</T>
              <T>System.Object</T>
            </TN>
            <ToString>DateTime</ToString>
            <I32>2</I32>
          </Obj>
        </MS>
      </Obj>
      <Nil N="UpdatedDate" />
      <URI N="LicenseUri">https://github.com/PureStorage-OpenConnect/PowerShell-Toolkit/blob/dev/LICENSE</URI>
      <URI N="ProjectUri">https://github.com/PureStorage-OpenConnect/PowerShell-Toolkit</URI>
      <URI N="IconUri">https://github.com/PureStorage-OpenConnect/PowerShell-Toolkit/blob/dev/Installer/icon.ico</URI>
      <Obj N="Tags" RefId="4">
        <TNRef RefId="1" />
        <LST>
          <S>PureStorage</S>
          <S>PowerShell</S>
          <S>FlashArray</S>
          <S>PSModule</S>
        </LST>
      </Obj>
      <Obj N="Includes" RefId="5">
        <TN RefId="3">
          <T>System.Collections.Hashtable</T>
          <T>System.Object</T>
        </TN>
        <DCT>
          <En>
            <S N="Key">RoleCapability</S>
            <Obj N="Value" RefId="6">
              <TNRef RefId="1" />
              <LST />
            </Obj>
          </En>
          <En>
            <S N="Key">Workflow</S>
            <Ref N="Value" RefId="6" />
          </En>
          <En>
            <S N="Key">Function</S>
            <Obj N="Value" RefId="7">
              <TNRef RefId="1" />
              <LST>
                <S>Invoke-Pfa2DynamicDataMasking</S>
                <S>Invoke-Pfa2StaticDataMasking</S>
                <S>New-Pfa2DbSnapshot</S>
                <S>Invoke-Pfa2DbRefresh</S>
              </LST>
            </Obj>
          </En>
          <En>
            <S N="Key">Cmdlet</S>
            <Ref N="Value" RefId="6" />
          </En>
          <En>
            <S N="Key">DscResource</S>
            <Ref N="Value" RefId="6" />
          </En>
          <En>
            <S N="Key">Command</S>
            <Obj N="Value" RefId="8">
              <TNRef RefId="1" />
              <LST>
                <S>Invoke-Pfa2DynamicDataMasking</S>
                <S>Invoke-Pfa2StaticDataMasking</S>
                <S>New-Pfa2DbSnapshot</S>
                <S>Invoke-Pfa2DbRefresh</S>
              </LST>
            </Obj>
          </En>
        </DCT>
      </Obj>
      <Nil N="PowerShellGetFormatVersion" />
      <S N="ReleaseNotes">https://github.com/PureStorage-OpenConnect/powershell-toolkit/dev/main/CHANGELOG.md</S>
      <Obj N="Dependencies" RefId="9">
        <TNRef RefId="1" />
        <LST>
          <Obj RefId="10">
            <TN RefId="4">
              <T>System.Collections.Specialized.OrderedDictionary</T>
              <T>System.Object</T>
            </TN>
            <DCT>
              <En>
                <S N="Key">Name</S>
                <S N="Value">PureStoragePowerShellToolkit.FlashArray</S>
              </En>
              <En>
                <S N="Key">MinimumVersion</S>
                <S N="Value">3.0.1</S>
              </En>
              <En>
                <S N="Key">CanonicalId</S>
                <S N="Value">nuget:PureStoragePowerShellToolkit.FlashArray/3.0.1</S>
              </En>
            </DCT>
          </Obj>
          <Obj RefId="11">
            <TNRef RefId="4" />
            <DCT>
              <En>
                <S N="Key">Name</S>
                <S N="Value">dbatools</S>
              </En>
              <En>
                <S N="Key">MinimumVersion</S>
                <S N="Value">1.0.173</S>
              </En>
              <En>
                <S N="Key">CanonicalId</S>
                <S N="Value">nuget:dbatools/1.0.173</S>
              </En>
            </DCT>
          </Obj>
        </LST>
      </Obj>
      <S N="RepositorySourceLocation">https://www.powershellgallery.com/api/v2</S>
      <S N="Repository">PSGallery</S>
      <S N="PackageManagementProvider">NuGet</S>
      <Obj N="AdditionalMetadata" RefId="12">
        <TN RefId="5">
          <T>System.Management.Automation.PSCustomObject</T>
          <T>System.Object</T>
        </TN>
        <MS>
          <S N="copyright">(c) 2023 Pure Storage, Inc. All rights reserved.</S>
          <S N="description">PowerShell Toolkit for Pure Storage Flasharray and Initiators.</S>
          <S N="requireLicenseAcceptance">True</S>
          <S N="releaseNotes">https://github.com/PureStorage-OpenConnect/powershell-toolkit/dev/main/CHANGELOG.md</S>
          <S N="isLatestVersion">True</S>
          <S N="isAbsoluteLatestVersion">True</S>
          <S N="versionDownloadCount">611</S>
          <S N="downloadCount">611</S>
          <S N="packageSize">17104</S>
          <S N="published">28/06/2023 03:48:23 PM +02:00</S>
          <S N="created">28/06/2023 03:48:23 PM +02:00</S>
          <S N="lastUpdated">24/01/2024 12:56:30 PM +02:00</S>
          <S N="tags">PureStorage PowerShell FlashArray PSModule PSFunction_Invoke-Pfa2DynamicDataMasking PSCommand_Invoke-Pfa2DynamicDataMasking PSFunction_Invoke-Pfa2StaticDataMasking PSCommand_Invoke-Pfa2StaticDataMasking PSFunction_New-Pfa2DbSnapshot PSCommand_New-Pfa2DbSnapshot PSFunction_Invoke-Pfa2DbRefresh PSCommand_Invoke-Pfa2DbRefresh PSIncludes_Function</S>
          <S N="developmentDependency">False</S>
          <S N="updated">2024-01-24T12:56:30Z</S>
          <S N="NormalizedVersion">3.0.1</S>
          <S N="Authors">Pure Storage</S>
          <S N="IsPrerelease">false</S>
          <S N="ItemType">Module</S>
          <S N="FileList">PureStoragePowerShellToolkit.DatabaseTools.nuspec|LICENSE|PureStoragePowerShellToolkit.DatabaseTools.psd1|PureStoragePowerShellToolkit.DatabaseTools.psm1</S>
          <S N="GUID">0e140f41-2a9f-40dc-abd1-71f3f5b94d37</S>
          <S N="PowerShellVersion">5.1</S>
          <S N="DotNetFrameworkVersion">4.5</S>
          <S N="CompanyName">Pure Storage, Inc.</S>
        </MS>
      </Obj>
      <S N="InstalledLocation">C:\Users\CP364327\OneDrive - Capitec Bank Ltd\Documents\PowerShell\Modules\PureStoragePowerShellToolkit.DatabaseTools\3.0.1</S>
    </MS>
  </Obj>
</Objs>
