<Objs Version="1.1.0.1" xmlns="http://schemas.microsoft.com/powershell/2004/04">
  <Obj RefId="0">
    <TN RefId="0">
      <T>Microsoft.PowerShell.Commands.PSRepositoryItemInfo</T>
      <T>System.Management.Automation.PSCustomObject</T>
      <T>System.Object</T>
    </TN>
    <MS>
      <S N="Name">PureStoragePowerShellToolkit.WindowsAdministration</S>
      <Version N="Version">3.0.1</Version>
      <S N="Type">Module</S>
      <S N="Description">PowerShell Toolkit for Pure Storage Flasharray and Initiators.</S>
      <S N="Author">Pure Storage</S>
      <Obj N="CompanyName" RefId="1">
        <TN RefId="1">
          <T>System.Object[]</T>
          <T>System.Array</T>
          <T>System.Object</T>
        </TN>
        <LST>
          <S>barkz</S>
          <S>mnelson-pure</S>
        </LST>
      </Obj>
      <S N="Copyright">(c) 2023 Pure Storage, Inc. All rights reserved.</S>
      <DT N="PublishedDate">2023-06-28T15:46:35+02:00</DT>
      <Obj N="InstalledDate" RefId="2">
        <DT>2024-01-25T07:58:31.6358579+02:00</DT>
        <MS>
          <Obj N="DisplayHint" RefId="3">
            <TN RefId="2">
              <T>Microsoft.PowerShell.Commands.DisplayHintType</T>
              <T>System.Enum</T>
              <T>System.ValueType</T>
              <T>System.Object</T>
            </TN>
            <ToString>DateTime</ToString>
            <I32>2</I32>
          </Obj>
        </MS>
      </Obj>
      <Nil N="UpdatedDate" />
      <URI N="LicenseUri">https://github.com/PureStorage-OpenConnect/PowerShell-Toolkit/blob/dev/LICENSE</URI>
      <URI N="ProjectUri">https://github.com/PureStorage-OpenConnect/PowerShell-Toolkit</URI>
      <URI N="IconUri">https://github.com/PureStorage-OpenConnect/PowerShell-Toolkit/blob/dev/Installer/icon.ico</URI>
      <Obj N="Tags" RefId="4">
        <TNRef RefId="1" />
        <LST>
          <S>PureStorage</S>
          <S>PowerShell</S>
          <S>FlashArray</S>
          <S>PSModule</S>
        </LST>
      </Obj>
      <Obj N="Includes" RefId="5">
        <TN RefId="3">
          <T>System.Collections.Hashtable</T>
          <T>System.Object</T>
        </TN>
        <DCT>
          <En>
            <S N="Key">RoleCapability</S>
            <Obj N="Value" RefId="6">
              <TNRef RefId="1" />
              <LST />
            </Obj>
          </En>
          <En>
            <S N="Key">Workflow</S>
            <Ref N="Value" RefId="6" />
          </En>
          <En>
            <S N="Key">Function</S>
            <Obj N="Value" RefId="7">
              <TNRef RefId="1" />
              <LST>
                <S>Get-Pfa2HostBusAdapter</S>
                <S>Get-Pfa2SerialNumbers</S>
                <S>Get-Pfa2QuickFixEngineering</S>
                <S>Get-Pfa2VolumeShadowCopy</S>
                <S>Get-Pfa2WindowsDiagnosticInfo</S>
                <S>Get-Pfa2MPIODiskLBPolicy</S>
                <S>Set-Pfa2MPIODiskLBPolicy</S>
                <S>Set-Pfa2TlsVersions</S>
                <S>Set-Pfa2WindowsPowerScheme</S>
                <S>New-Pfa2VolumeShadowCopy</S>
                <S>Enable-Pfa2SecureChannelProtocol</S>
                <S>Disable-Pfa2SecureChannelProtocol</S>
                <S>Mount-Pfa2HostVolumes</S>
                <S>Dismount-Pfa2HostVolumes</S>
                <S>Update-Pfa2DriveInformation</S>
                <S>Test-Pfa2WindowsBestPractices</S>
                <S>New-Pfa2HypervClusterVolumeReport</S>
              </LST>
            </Obj>
          </En>
          <En>
            <S N="Key">Cmdlet</S>
            <Ref N="Value" RefId="6" />
          </En>
          <En>
            <S N="Key">DscResource</S>
            <Ref N="Value" RefId="6" />
          </En>
          <En>
            <S N="Key">Command</S>
            <Obj N="Value" RefId="8">
              <TNRef RefId="1" />
              <LST>
                <S>Get-Pfa2HostBusAdapter</S>
                <S>Get-Pfa2SerialNumbers</S>
                <S>Get-Pfa2QuickFixEngineering</S>
                <S>Get-Pfa2VolumeShadowCopy</S>
                <S>Get-Pfa2WindowsDiagnosticInfo</S>
                <S>Get-Pfa2MPIODiskLBPolicy</S>
                <S>Set-Pfa2MPIODiskLBPolicy</S>
                <S>Set-Pfa2TlsVersions</S>
                <S>Set-Pfa2WindowsPowerScheme</S>
                <S>New-Pfa2VolumeShadowCopy</S>
                <S>Enable-Pfa2SecureChannelProtocol</S>
                <S>Disable-Pfa2SecureChannelProtocol</S>
                <S>Mount-Pfa2HostVolumes</S>
                <S>Dismount-Pfa2HostVolumes</S>
                <S>Update-Pfa2DriveInformation</S>
                <S>Test-Pfa2WindowsBestPractices</S>
                <S>New-Pfa2HypervClusterVolumeReport</S>
              </LST>
            </Obj>
          </En>
        </DCT>
      </Obj>
      <Nil N="PowerShellGetFormatVersion" />
      <S N="ReleaseNotes">https://github.com/PureStorage-OpenConnect/powershell-toolkit/dev/main/CHANGELOG.md</S>
      <Obj N="Dependencies" RefId="9">
        <TNRef RefId="1" />
        <LST>
          <Obj RefId="10">
            <TN RefId="4">
              <T>System.Collections.Specialized.OrderedDictionary</T>
              <T>System.Object</T>
            </TN>
            <DCT>
              <En>
                <S N="Key">Name</S>
                <S N="Value">PureStoragePowerShellToolkit.FlashArray</S>
              </En>
              <En>
                <S N="Key">MinimumVersion</S>
                <S N="Value">3.0.1</S>
              </En>
              <En>
                <S N="Key">CanonicalId</S>
                <S N="Value">nuget:PureStoragePowerShellToolkit.FlashArray/3.0.1</S>
              </En>
            </DCT>
          </Obj>
        </LST>
      </Obj>
      <S N="RepositorySourceLocation">https://www.powershellgallery.com/api/v2</S>
      <S N="Repository">PSGallery</S>
      <S N="PackageManagementProvider">NuGet</S>
      <Obj N="AdditionalMetadata" RefId="11">
        <TN RefId="5">
          <T>System.Management.Automation.PSCustomObject</T>
          <T>System.Object</T>
        </TN>
        <MS>
          <S N="copyright">(c) 2023 Pure Storage, Inc. All rights reserved.</S>
          <S N="description">PowerShell Toolkit for Pure Storage Flasharray and Initiators.</S>
          <S N="requireLicenseAcceptance">True</S>
          <S N="releaseNotes">https://github.com/PureStorage-OpenConnect/powershell-toolkit/dev/main/CHANGELOG.md</S>
          <S N="isLatestVersion">True</S>
          <S N="isAbsoluteLatestVersion">True</S>
          <S N="versionDownloadCount">589</S>
          <S N="downloadCount">589</S>
          <S N="packageSize">23865</S>
          <S N="published">28/06/2023 03:46:35 PM +02:00</S>
          <S N="created">28/06/2023 03:46:35 PM +02:00</S>
          <S N="lastUpdated">24/01/2024 12:56:30 PM +02:00</S>
          <S N="tags">PureStorage PowerShell FlashArray PSModule PSFunction_Get-Pfa2HostBusAdapter PSCommand_Get-Pfa2HostBusAdapter PSFunction_Get-Pfa2SerialNumbers PSCommand_Get-Pfa2SerialNumbers PSFunction_Get-Pfa2QuickFixEngineering PSCommand_Get-Pfa2QuickFixEngineering PSFunction_Get-Pfa2VolumeShadowCopy PSCommand_Get-Pfa2VolumeShadowCopy PSFunction_Get-Pfa2WindowsDiagnosticInfo PSCommand_Get-Pfa2WindowsDiagnosticInfo PSFunction_Get-Pfa2MPIODiskLBPolicy PSCommand_Get-Pfa2MPIODiskLBPolicy PSFunction_Set-Pfa2MPIODiskLBPolicy PSCommand_Set-Pfa2MPIODiskLBPolicy PSFunction_Set-Pfa2TlsVersions PSCommand_Set-Pfa2TlsVersions PSFunction_Set-Pfa2WindowsPowerScheme PSCommand_Set-Pfa2WindowsPowerScheme PSFunction_New-Pfa2VolumeShadowCopy PSCommand_New-Pfa2VolumeShadowCopy PSFunction_Enable-Pfa2SecureChannelProtocol PSCommand_Enable-Pfa2SecureChannelProtocol PSFunction_Disable-Pfa2SecureChannelProtocol PSCommand_Disable-Pfa2SecureChannelProtocol PSFunction_Mount-Pfa2HostVolumes PSCommand_Mount-Pfa2HostVolumes PSFunction_Dismount-Pfa2HostVolumes PSCommand_Dismount-Pfa2HostVolumes PSFunction_Update-Pfa2DriveInformation PSCommand_Update-Pfa2DriveInformation PSFunction_Test-Pfa2WindowsBestPractices PSCommand_Test-Pfa2WindowsBestPractices PSFunction_New-Pfa2HypervClusterVolumeReport PSCommand_New-Pfa2HypervClusterVolumeReport PSIncludes_Function</S>
          <S N="developmentDependency">False</S>
          <S N="updated">2024-01-24T12:56:30Z</S>
          <S N="NormalizedVersion">3.0.1</S>
          <S N="Authors">Pure Storage</S>
          <S N="IsPrerelease">false</S>
          <S N="ItemType">Module</S>
          <S N="FileList">PureStoragePowerShellToolkit.WindowsAdministration.nuspec|PureStoragePowerShellToolkit.WindowsAdministration.psd1|PureStoragePowerShellToolkit.WindowsAdministration.psm1|LICENSE</S>
          <S N="GUID">0b8311a9-dcd1-4ca9-9b04-b8b63e006072</S>
          <S N="PowerShellVersion">5.1</S>
          <S N="DotNetFrameworkVersion">4.5</S>
          <S N="CompanyName">Pure Storage, Inc.</S>
        </MS>
      </Obj>
      <S N="InstalledLocation">C:\Users\CP364327\OneDrive - Capitec Bank Ltd\Documents\PowerShell\Modules\PureStoragePowerShellToolkit.WindowsAdministration\3.0.1</S>
    </MS>
  </Obj>
</Objs>
