<Objs Version="1.1.0.1" xmlns="http://schemas.microsoft.com/powershell/2004/04">
  <Obj RefId="0">
    <TN RefId="0">
      <T>Microsoft.PowerShell.Commands.PSRepositoryItemInfo</T>
      <T>System.Management.Automation.PSCustomObject</T>
      <T>System.Object</T>
    </TN>
    <MS>
      <S N="Name">dbatools.library</S>
      <Version N="Version">2023.9.21</Version>
      <S N="Type">Module</S>
      <S N="Description">The library that powers dbatools, the community module for SQL Server Pros</S>
      <S N="Author">the dbatools team</S>
      <S N="CompanyName">chrissylemaire</S>
      <S N="Copyright">Copyright (c) 2023 by dbatools, licensed under MIT</S>
      <DT N="PublishedDate">2023-09-21T11:01:02+02:00</DT>
      <Obj N="InstalledDate" RefId="1">
        <DT>2024-01-25T07:58:22.7639098+02:00</DT>
        <MS>
          <Obj N="DisplayHint" RefId="2">
            <TN RefId="1">
              <T>Microsoft.PowerShell.Commands.DisplayHintType</T>
              <T>System.Enum</T>
              <T>System.ValueType</T>
              <T>System.Object</T>
            </TN>
            <ToString>DateTime</ToString>
            <I32>2</I32>
          </Obj>
        </MS>
      </Obj>
      <Nil N="UpdatedDate" />
      <URI N="LicenseUri">https://opensource.org/licenses/MIT</URI>
      <URI N="ProjectUri">https://dbatools.io/</URI>
      <URI N="IconUri">https://dbatools.io/logo.png</URI>
      <Obj N="Tags" RefId="3">
        <TN RefId="2">
          <T>System.Object[]</T>
          <T>System.Array</T>
          <T>System.Object</T>
        </TN>
        <LST>
          <S>sqlserver</S>
          <S>migrations</S>
          <S>sql</S>
          <S>dba</S>
          <S>databases</S>
          <S>mac</S>
          <S>linux</S>
          <S>core</S>
          <S>smo</S>
          <S>PSModule</S>
        </LST>
      </Obj>
      <Obj N="Includes" RefId="4">
        <TN RefId="3">
          <T>System.Collections.Hashtable</T>
          <T>System.Object</T>
        </TN>
        <DCT>
          <En>
            <S N="Key">RoleCapability</S>
            <Obj N="Value" RefId="5">
              <TNRef RefId="2" />
              <LST />
            </Obj>
          </En>
          <En>
            <S N="Key">Workflow</S>
            <Ref N="Value" RefId="5" />
          </En>
          <En>
            <S N="Key">Function</S>
            <Obj N="Value" RefId="6">
              <TNRef RefId="2" />
              <LST>
                <S>Get-DbatoolsLibraryPath</S>
              </LST>
            </Obj>
          </En>
          <En>
            <S N="Key">Cmdlet</S>
            <Ref N="Value" RefId="5" />
          </En>
          <En>
            <S N="Key">DscResource</S>
            <Ref N="Value" RefId="5" />
          </En>
          <En>
            <S N="Key">Command</S>
            <Obj N="Value" RefId="7">
              <TNRef RefId="2" />
              <LST>
                <S>Get-DbatoolsLibraryPath</S>
              </LST>
            </Obj>
          </En>
        </DCT>
      </Obj>
      <Nil N="PowerShellGetFormatVersion" />
      <Nil N="ReleaseNotes" />
      <Obj N="Dependencies" RefId="8">
        <TNRef RefId="2" />
        <LST />
      </Obj>
      <S N="RepositorySourceLocation">https://www.powershellgallery.com/api/v2</S>
      <S N="Repository">PSGallery</S>
      <S N="PackageManagementProvider">NuGet</S>
      <Obj N="AdditionalMetadata" RefId="9">
        <TN RefId="4">
          <T>System.Management.Automation.PSCustomObject</T>
          <T>System.Object</T>
        </TN>
        <MS>
          <S N="copyright">Copyright (c) 2023 by dbatools, licensed under MIT</S>
          <S N="description">The library that powers dbatools, the community module for SQL Server Pros</S>
          <S N="requireLicenseAcceptance">False</S>
          <S N="isLatestVersion">True</S>
          <S N="isAbsoluteLatestVersion">True</S>
          <S N="versionDownloadCount">293880</S>
          <S N="downloadCount">603817</S>
          <S N="packageSize">53502056</S>
          <S N="published">21/09/2023 11:01:02 AM +02:00</S>
          <S N="created">21/09/2023 11:01:02 AM +02:00</S>
          <S N="lastUpdated">25/01/2024 05:56:39 AM +02:00</S>
          <S N="tags">sqlserver migrations sql dba databases mac linux core smo PSModule PSFunction_Get-DbatoolsLibraryPath PSCommand_Get-DbatoolsLibraryPath PSIncludes_Function</S>
          <S N="developmentDependency">False</S>
          <S N="updated">2024-01-25T05:56:39Z</S>
          <S N="NormalizedVersion">2023.9.21</S>
          <S N="Authors">the dbatools team</S>
          <S N="IsPrerelease">false</S>
          <S N="ItemType">Module</S>
          <S N="FileList">dbatools.library.nuspec|core\lib\mac\Microsoft.SqlServer.DacAzureExtensions.dll|desktop\lib\Microsoft.Extensions.Logging.Abstractions.dll|desktop\lib\System.Linq.Parallel.dll|dbatools.library.psd1|core\lib\mac\Microsoft.SqlServer.Server.dll|desktop\lib\Microsoft.Extensions.Options.dll|desktop\lib\System.Linq.Queryable.dll|dbatools.library.psm1|core\lib\mac\Microsoft.SqlServer.TransactSql.ScriptDom.dll|desktop\lib\Microsoft.Extensions.Primitives.dll|desktop\lib\System.Memory.Data.dll|LICENSE|core\lib\mac\Microsoft.SqlServer.Types.dll|desktop\lib\Microsoft.Identity.Client.dll|desktop\lib\System.Memory.dll|core\lib\Azure.Core.dll|core\lib\mac\sqlpackage|desktop\lib\Microsoft.Identity.Client.Extensions.Msal.dll|desktop\lib\System.Net.Http.dll|core\lib\Azure.Identity.dll|core\lib\mac\sqlpackage.deps.json|desktop\lib\Microsoft.IdentityModel.Abstractions.dll|desktop\lib\System.Net.NameResolution.dll|core\lib\dbatools.dll|core\lib\mac\sqlpackage.dll|desktop\lib\Microsoft.IdentityModel.JsonWebTokens.dll|desktop\lib\System.Net.NetworkInformation.dll|core\lib\dbatools.dll.config|core\lib\mac\sqlpackage.runtimeconfig.json|desktop\lib\Microsoft.IdentityModel.Logging.dll|desktop\lib\System.Net.Ping.dll|core\lib\instapi160.dll|core\lib\mac\System.IdentityModel.Tokens.Jwt.dll|desktop\lib\Microsoft.IdentityModel.Protocols.dll|desktop\lib\System.Net.Primitives.dll|core\lib\Microsoft.AnalysisServices.Core.dll|core\lib\mac\System.Memory.Data.dll|desktop\lib\Microsoft.IdentityModel.Protocols.OpenIdConnect.dll|desktop\lib\System.Net.Requests.dll|core\lib\Microsoft.AnalysisServices.dll|core\lib\mac\System.Resources.Extensions.dll|desktop\lib\Microsoft.IdentityModel.Tokens.dll|desktop\lib\System.Net.Security.dll|core\lib\Microsoft.AnalysisServices.Runtime.Core.dll|core\lib\win\Azure.Core.dll|desktop\lib\Microsoft.SqlServer.Assessment.dll|desktop\lib\System.Net.Sockets.dll|core\lib\Microsoft.AnalysisServices.Runtime.Windows.dll|core\lib\win\Azure.Identity.dll|desktop\lib\Microsoft.SqlServer.Assessment.Types.dll|desktop\lib\System.Net.WebHeaderCollection.dll|core\lib\Microsoft.AnalysisServices.Tabular.dll|core\lib\win\Azure.Security.KeyVault.Keys.dll|desktop\lib\Microsoft.SqlServer.ConnectionInfo.dll|desktop\lib\System.Net.WebSockets.Client.dll|core\lib\Microsoft.AnalysisServices.Tabular.Json.dll|core\lib\win\DacUnpack.exe|desktop\lib\Microsoft.SqlServer.Dac.dll|desktop\lib\System.Net.WebSockets.dll|core\lib\Microsoft.Build.dll|core\lib\win\Microsoft.Data.SqlClient.AlwaysEncrypted.AzureKeyVaultProvider.dll|desktop\lib\Microsoft.SqlServer.Dac.Extensions.dll|desktop\lib\System.Numerics.Vectors.dll|core\lib\Microsoft.Build.Framework.dll|core\lib\win\Microsoft.Data.SqlClient.dll|desktop\lib\Microsoft.SqlServer.DacAzureExtensions.dll|desktop\lib\System.ObjectModel.dll|core\lib\Microsoft.Build.Utilities.Core.dll|core\lib\win\Microsoft.Data.SqlClient.SNI.x64.dll|desktop\lib\Microsoft.SqlServer.Diagnostics.STrace.dll|desktop\lib\System.Reflection.dll|core\lib\Microsoft.Data.SqlClient.dll|core\lib\win\Microsoft.Data.SqlClient.SNI.x86.dll|desktop\lib\Microsoft.SqlServer.Dmf.Common.dll|desktop\lib\System.Reflection.Extensions.dll|core\lib\Microsoft.Data.Tools.Schema.Sql.dll|core\lib\win\Microsoft.Data.Tools.Schema.Sql.dll|desktop\lib\Microsoft.SqlServer.Dmf.dll|desktop\lib\System.Reflection.Primitives.dll|core\lib\Microsoft.Data.Tools.Schema.Tasks.Sql.dll|core\lib\win\Microsoft.Data.Tools.Utilities.dll|desktop\lib\Microsoft.SqlServer.IntegrationServices.Common.ObjectModel.dll|desktop\lib\System.Resources.Extensions.dll|core\lib\Microsoft.Data.Tools.Sql.BatchParser.dll|core\lib\win\Microsoft.Extensions.Caching.Abstractions.dll|desktop\lib\Microsoft.SqlServer.Management.Assessment.dll|desktop\lib\System.Resources.Reader.dll|core\lib\Microsoft.Data.Tools.Sql.DesignServices.dll|core\lib\win\Microsoft.Extensions.Caching.Memory.dll|desktop\lib\Microsoft.SqlServer.Management.Collector.dll|desktop\lib\System.Resources.ResourceManager.dll|core\lib\Microsoft.Data.Tools.Utilities.dll|core\lib\win\Microsoft.Extensions.DependencyInjection.Abstractions.dll|desktop\lib\Microsoft.SqlServer.Management.CollectorEnum.dll|desktop\lib\System.Resources.Writer.dll|core\lib\Microsoft.Identity.Client.dll|core\lib\win\Microsoft.Extensions.Logging.Abstractions.dll|desktop\lib\Microsoft.SqlServer.Management.HadrData.dll|desktop\lib\System.Runtime.CompilerServices.Unsafe.dll|core\lib\Microsoft.Identity.Client.Extensions.Msal.dll|core\lib\win\Microsoft.Extensions.Options.dll|desktop\lib\Microsoft.SqlServer.Management.HadrModel.dll|desktop\lib\System.Runtime.CompilerServices.VisualC.dll|core\lib\Microsoft.IdentityModel.Abstractions.dll|core\lib\win\Microsoft.Extensions.Primitives.dll|desktop\lib\Microsoft.SqlServer.Management.IntegrationServices.dll|desktop\lib\System.Runtime.dll|core\lib\Microsoft.IdentityModel.JsonWebTokens.dll|core\lib\win\Microsoft.Identity.Client.dll|desktop\lib\Microsoft.SqlServer.Management.IntegrationServicesEnum.dll|desktop\lib\System.Runtime.Extensions.dll|core\lib\Microsoft.IdentityModel.Logging.dll|core\lib\win\Microsoft.Identity.Client.Extensions.Msal.dll|desktop\lib\Microsoft.SqlServer.Management.RegisteredServers.dll|desktop\lib\System.Runtime.Handles.dll|core\lib\Microsoft.IdentityModel.Protocols.dll|core\lib\win\Microsoft.IdentityModel.Abstractions.dll|desktop\lib\Microsoft.SqlServer.Management.Sdk.Sfc.dll|desktop\lib\System.Runtime.InteropServices.dll|core\lib\Microsoft.IdentityModel.Protocols.OpenIdConnect.dll|core\lib\win\Microsoft.IdentityModel.JsonWebTokens.dll|desktop\lib\Microsoft.SqlServer.Management.SqlScriptPublish.dll|desktop\lib\System.Runtime.InteropServices.RuntimeInformation.dll|core\lib\Microsoft.IdentityModel.Tokens.dll|core\lib\win\Microsoft.IdentityModel.Logging.dll|desktop\lib\Microsoft.SqlServer.Management.XEvent.dll|desktop\lib\System.Runtime.Numerics.dll|core\lib\Microsoft.SqlServer.Assessment.dll|core\lib\win\Microsoft.IdentityModel.Protocols.dll|desktop\lib\Microsoft.SqlServer.Management.XEventDbScoped.dll|desktop\lib\System.Runtime.Serialization.Formatters.dll|core\lib\Microsoft.SqlServer.Assessment.Types.dll|core\lib\win\Microsoft.IdentityModel.Protocols.OpenIdConnect.dll|desktop\lib\Microsoft.SqlServer.Management.XEventDbScopedEnum.dll|desktop\lib\System.Runtime.Serialization.Json.dll|core\lib\Microsoft.SqlServer.ConnectionInfo.dll|core\lib\win\Microsoft.IdentityModel.Tokens.dll|desktop\lib\Microsoft.SqlServer.Management.XEventEnum.dll|desktop\lib\System.Runtime.Serialization.Primitives.dll|core\lib\Microsoft.SqlServer.Dac.dll|core\lib\win\Microsoft.SqlServer.Dac.dll|desktop\lib\Microsoft.SqlServer.PolicyEnum.dll|desktop\lib\System.Runtime.Serialization.Xml.dll|core\lib\Microsoft.SqlServer.Dac.Extensions.dll|core\lib\win\Microsoft.SqlServer.Dac.Extensions.dll|desktop\lib\Microsoft.SqlServer.RegSvrEnum.dll|desktop\lib\System.Security.AccessControl.dll|core\lib\Microsoft.SqlServer.Dmf.Common.dll|core\lib\win\Microsoft.SqlServer.DacAzureExtensions.dll|desktop\lib\Microsoft.SqlServer.Replication.dll|desktop\lib\System.Security.Claims.dll|core\lib\Microsoft.SqlServer.Dmf.dll|core\lib\win\Microsoft.SqlServer.Server.dll|desktop\lib\Microsoft.SqlServer.Rmo.dll|desktop\lib\System.Security.Cryptography.Algorithms.dll|core\lib\Microsoft.SqlServer.Management.Assessment.dll|core\lib\win\Microsoft.SqlServer.TransactSql.ScriptDom.dll|desktop\lib\Microsoft.SqlServer.Server.dll|desktop\lib\System.Security.Cryptography.Csp.dll|core\lib\Microsoft.SqlServer.Management.Collector.dll|core\lib\win\Microsoft.SqlServer.Types.dll|desktop\lib\Microsoft.SqlServer.ServiceBrokerEnum.dll|desktop\lib\System.Security.Cryptography.Encoding.dll|core\lib\Microsoft.SqlServer.Management.CollectorEnum.dll|core\lib\win\SqlPackage.exe|desktop\lib\Microsoft.SqlServer.Smo.dll|desktop\lib\System.Security.Cryptography.Primitives.dll|core\lib\Microsoft.SqlServer.Management.HadrData.dll|core\lib\win\SqlPackage.exe.config|desktop\lib\Microsoft.SqlServer.Smo.Notebook.dll|desktop\lib\System.Security.Cryptography.ProtectedData.dll|core\lib\Microsoft.SqlServer.Management.HadrModel.dll|core\lib\win\System.IdentityModel.Tokens.Jwt.dll|desktop\lib\Microsoft.SqlServer.SmoExtended.dll|desktop\lib\System.Security.Cryptography.X509Certificates.dll|core\lib\Microsoft.SqlServer.Management.RegisteredServers.dll|core\lib\win\System.Memory.Data.dll|desktop\lib\Microsoft.SqlServer.SqlClrProvider.dll|desktop\lib\System.Security.Permissions.dll|core\lib\Microsoft.SqlServer.Management.Sdk.Sfc.dll|core\lib\win\System.Resources.Extensions.dll|desktop\lib\Microsoft.SqlServer.SqlEnum.dll|desktop\lib\System.Security.Principal.dll|core\lib\Microsoft.SqlServer.Management.SqlScriptPublish.dll|core\lib\win-sqlclient\Microsoft.Data.SqlClient.dll|desktop\lib\Microsoft.SqlServer.SqlWmiManagement.dll|desktop\lib\System.Security.Principal.Windows.dll|core\lib\Microsoft.SqlServer.Management.XEvent.dll|core\lib\win-sqlclient\Microsoft.Data.SqlClient.SNI.dll|desktop\lib\Microsoft.SqlServer.TransactSql.ScriptDom.dll|desktop\lib\System.Security.SecureString.dll|core\lib\Microsoft.SqlServer.Management.XEventDbScoped.dll|core\lib\win-sqlclient\Microsoft.Identity.Client.dll|desktop\lib\Microsoft.SqlServer.Types.dll|desktop\lib\System.Text.Encoding.dll|core\lib\Microsoft.SqlServer.Management.XEventDbScopedEnum.dll|core\third-party\bogus\bogus.dll|desktop\lib\Microsoft.SqlServer.WmiEnum.dll|desktop\lib\System.Text.Encoding.Extensions.dll|core\lib\Microsoft.SqlServer.Management.XEventEnum.dll|core\third-party\LumenWorks\LumenWorks.Framework.IO.dll|desktop\lib\Microsoft.SqlServer.XEvent.XELite.dll|desktop\lib\System.Text.Encodings.Web.dll|core\lib\Microsoft.SqlServer.PolicyEnum.dll|core\third-party\XESmartTarget\CommandLine.dll|desktop\lib\Microsoft.Win32.Primitives.dll|desktop\lib\System.Text.Json.dll|core\lib\Microsoft.SqlServer.Replication.dll|core\third-party\XESmartTarget\CsvHelper.dll|desktop\lib\msodbcsql17.dll|desktop\lib\System.Text.RegularExpressions.dll|core\lib\Microsoft.SqlServer.Rmo.dll|core\third-party\XESmartTarget\DouglasCrockford.JsMin.dll|desktop\lib\netstandard.dll|desktop\lib\System.Threading.dll|core\lib\Microsoft.SqlServer.Server.dll|core\third-party\XESmartTarget\InfluxDB.Client.Core.dll|desktop\lib\Newtonsoft.Json.dll|desktop\lib\System.Threading.Overlapped.dll|core\lib\Microsoft.SqlServer.ServiceBrokerEnum.dll|core\third-party\XESmartTarget\InfluxDB.Client.dll|desktop\lib\SqlPackage.exe|desktop\lib\System.Threading.Tasks.Dataflow.dll|core\lib\Microsoft.SqlServer.Smo.dll|core\third-party\XESmartTarget\JsonSubTypes.dll|desktop\lib\SqlPackage.exe.config|desktop\lib\System.Threading.Tasks.dll|core\lib\Microsoft.SqlServer.Smo.Notebook.dll|core\third-party\XESmartTarget\Microsoft.SqlServer.BatchParser.dll|desktop\lib\System.AppContext.dll|desktop\lib\System.Threading.Tasks.Extensions.dll|core\lib\Microsoft.SqlServer.SmoExtended.dll|core\third-party\XESmartTarget\Microsoft.SqlServer.XE.Core.dll|desktop\lib\System.Buffers.dll|desktop\lib\System.Threading.Tasks.Parallel.dll|core\lib\Microsoft.SqlServer.SqlEnum.dll|core\third-party\XESmartTarget\Microsoft.SqlServer.XEvent.Linq.dll|desktop\lib\System.Collections.Concurrent.dll|desktop\lib\System.Threading.Thread.dll|core\lib\Microsoft.SqlServer.SqlWmiManagement.dll|core\third-party\XESmartTarget\netstandard.dll|desktop\lib\System.Collections.dll|desktop\lib\System.Threading.ThreadPool.dll|core\lib\Microsoft.SqlServer.TransactSql.ScriptDom.dll|core\third-party\XESmartTarget\Newtonsoft.Json.dll|desktop\lib\System.Collections.NonGeneric.dll|desktop\lib\System.Threading.Timer.dll|core\lib\Microsoft.SqlServer.Types.dll|core\third-party\XESmartTarget\NLog.dll|desktop\lib\System.Collections.Specialized.dll|desktop\lib\System.ValueTuple.dll|core\lib\Microsoft.SqlServer.WmiEnum.dll|core\third-party\XESmartTarget\NodaTime.dll|desktop\lib\System.ComponentModel.Annotations.dll|desktop\lib\System.Xml.ReaderWriter.dll|core\lib\Microsoft.SqlServer.XEvent.XELite.dll|core\third-party\XESmartTarget\RestSharp.dll|desktop\lib\System.ComponentModel.dll|desktop\lib\System.Xml.XDocument.dll|core\lib\msodbcsql17.dll|core\third-party\XESmartTarget\SmartFormat.dll|desktop\lib\System.ComponentModel.EventBasedAsync.dll|desktop\lib\System.Xml.XmlDocument.dll|core\lib\sqlpackage|core\third-party\XESmartTarget\System.Buffers.dll|desktop\lib\System.ComponentModel.Primitives.dll|desktop\lib\System.Xml.XmlSerializer.dll|core\lib\sqlpackage.deps.json|core\third-party\XESmartTarget\System.Collections.Immutable.dll|desktop\lib\System.ComponentModel.TypeConverter.dll|desktop\lib\System.Xml.XPath.dll|core\lib\sqlpackage.dll|core\third-party\XESmartTarget\System.Configuration.ConfigurationManager.dll|desktop\lib\System.Configuration.ConfigurationManager.dll|desktop\lib\System.Xml.XPath.XDocument.dll|core\lib\sqlpackage.runtimeconfig.json|core\third-party\XESmartTarget\System.Memory.dll|desktop\lib\System.Console.dll|desktop\lib\x64\SqlServerSpatial160.dll|core\lib\System.IdentityModel.Tokens.Jwt.dll|core\third-party\XESmartTarget\System.Numerics.Vectors.dll|desktop\lib\System.Data.Common.dll|desktop\lib\x86\SqlServerSpatial160.dll|core\lib\System.Memory.Data.dll|core\third-party\XESmartTarget\System.Reactive.dll|desktop\lib\System.Diagnostics.Contracts.dll|desktop\third-party\bogus\bogus.dll|core\lib\System.Resources.Extensions.dll|core\third-party\XESmartTarget\System.Runtime.CompilerServices.Unsafe.dll|desktop\lib\System.Diagnostics.Debug.dll|desktop\third-party\LumenWorks\LumenWorks.Framework.IO.dll|core\lib\mac\Azure.Core.dll|core\third-party\XESmartTarget\System.Threading.Tasks.Extensions.dll|desktop\lib\System.Diagnostics.DiagnosticSource.dll|desktop\third-party\XESmartTarget\CommandLine.dll|core\lib\mac\Azure.Identity.dll|core\third-party\XESmartTarget\System.ValueTuple.dll|desktop\lib\System.Diagnostics.FileVersionInfo.dll|desktop\third-party\XESmartTarget\CsvHelper.dll|core\lib\mac\Azure.Security.KeyVault.Keys.dll|core\third-party\XESmartTarget\XESmartTarget.Core.dll|desktop\lib\System.Diagnostics.Process.dll|desktop\third-party\XESmartTarget\DouglasCrockford.JsMin.dll|core\lib\mac\libdbgshim.dylib|desktop\lib\Azure.Core.dll|desktop\lib\System.Diagnostics.StackTrace.dll|desktop\third-party\XESmartTarget\InfluxDB.Client.Core.dll|core\lib\mac\libSystem.Security.Cryptography.Native.Apple.dylib|desktop\lib\Azure.Identity.dll|desktop\lib\System.Diagnostics.TextWriterTraceListener.dll|desktop\third-party\XESmartTarget\InfluxDB.Client.dll|core\lib\mac\Microsoft.Build.dll|desktop\lib\Azure.Security.KeyVault.Keys.dll|desktop\lib\System.Diagnostics.Tools.dll|desktop\third-party\XESmartTarget\JsonSubTypes.dll|core\lib\mac\Microsoft.Build.Framework.dll|desktop\lib\DacUnpack.exe|desktop\lib\System.Diagnostics.TraceSource.dll|desktop\third-party\XESmartTarget\Microsoft.SqlServer.BatchParser.dll|core\lib\mac\Microsoft.Build.Utilities.Core.dll|desktop\lib\dbatools.dll|desktop\lib\System.Diagnostics.Tracing.dll|desktop\third-party\XESmartTarget\Microsoft.SqlServer.XE.Core.dll|core\lib\mac\Microsoft.Data.SqlClient.AlwaysEncrypted.AzureKeyVaultProvider.dll|desktop\lib\dbatools.dll.config|desktop\lib\System.Drawing.Common.dll|desktop\third-party\XESmartTarget\Microsoft.SqlServer.XEvent.Linq.dll|core\lib\mac\Microsoft.Data.SqlClient.dll|desktop\lib\instapi160.dll|desktop\lib\System.Drawing.Primitives.dll|desktop\third-party\XESmartTarget\netstandard.dll|core\lib\mac\Microsoft.Data.Tools.Schema.Sql.dll|desktop\lib\Microsoft.AnalysisServices.Core.dll|desktop\lib\System.Dynamic.Runtime.dll|desktop\third-party\XESmartTarget\Newtonsoft.Json.dll|core\lib\mac\Microsoft.Data.Tools.Utilities.dll|desktop\lib\Microsoft.AnalysisServices.dll|desktop\lib\System.Globalization.Calendars.dll|desktop\third-party\XESmartTarget\NLog.dll|core\lib\mac\Microsoft.Extensions.Caching.Abstractions.dll|desktop\lib\Microsoft.AnalysisServices.Tabular.dll|desktop\lib\System.Globalization.dll|desktop\third-party\XESmartTarget\NodaTime.dll|core\lib\mac\Microsoft.Extensions.Caching.Memory.dll|desktop\lib\Microsoft.AnalysisServices.Tabular.Json.dll|desktop\lib\System.Globalization.Extensions.dll|desktop\third-party\XESmartTarget\RestSharp.dll|core\lib\mac\Microsoft.Extensions.DependencyInjection.Abstractions.dll|desktop\lib\Microsoft.Bcl.AsyncInterfaces.dll|desktop\lib\System.IdentityModel.Tokens.Jwt.dll|desktop\third-party\XESmartTarget\SmartFormat.dll|core\lib\mac\Microsoft.Extensions.Logging.Abstractions.dll|desktop\lib\Microsoft.Data.SqlClient.AlwaysEncrypted.AzureKeyVaultProvider.dll|desktop\lib\System.IO.Compression.dll|desktop\third-party\XESmartTarget\System.Buffers.dll|core\lib\mac\Microsoft.Extensions.Options.dll|desktop\lib\Microsoft.Data.SqlClient.dll|desktop\lib\System.IO.Compression.ZipFile.dll|desktop\third-party\XESmartTarget\System.Collections.Immutable.dll|core\lib\mac\Microsoft.Extensions.Primitives.dll|desktop\lib\Microsoft.Data.SqlClient.SNI.arm64.dll|desktop\lib\System.IO.dll|desktop\third-party\XESmartTarget\System.Configuration.ConfigurationManager.dll|core\lib\mac\Microsoft.Identity.Client.dll|desktop\lib\Microsoft.Data.SqlClient.SNI.dll|desktop\lib\System.IO.FileSystem.dll|desktop\third-party\XESmartTarget\System.Memory.dll|core\lib\mac\Microsoft.Identity.Client.Extensions.Msal.dll|desktop\lib\Microsoft.Data.SqlClient.SNI.x64.dll|desktop\lib\System.IO.FileSystem.DriveInfo.dll|desktop\third-party\XESmartTarget\System.Numerics.Vectors.dll|core\lib\mac\Microsoft.IdentityModel.Abstractions.dll|desktop\lib\Microsoft.Data.SqlClient.SNI.x86.dll|desktop\lib\System.IO.FileSystem.Primitives.dll|desktop\third-party\XESmartTarget\System.Reactive.dll|core\lib\mac\Microsoft.IdentityModel.JsonWebTokens.dll|desktop\lib\Microsoft.Data.Tools.Schema.Sql.dll|desktop\lib\System.IO.FileSystem.Watcher.dll|desktop\third-party\XESmartTarget\System.Runtime.CompilerServices.Unsafe.dll|core\lib\mac\Microsoft.IdentityModel.Logging.dll|desktop\lib\Microsoft.Data.Tools.Schema.Tasks.Sql.dll|desktop\lib\System.IO.IsolatedStorage.dll|desktop\third-party\XESmartTarget\System.Threading.Tasks.Extensions.dll|core\lib\mac\Microsoft.IdentityModel.Protocols.dll|desktop\lib\Microsoft.Data.Tools.Sql.BatchParser.dll|desktop\lib\System.IO.MemoryMappedFiles.dll|desktop\third-party\XESmartTarget\System.ValueTuple.dll|core\lib\mac\Microsoft.IdentityModel.Protocols.OpenIdConnect.dll|desktop\lib\Microsoft.Data.Tools.Utilities.dll|desktop\lib\System.IO.Pipes.dll|desktop\third-party\XESmartTarget\XESmartTarget.Core.dll|core\lib\mac\Microsoft.IdentityModel.Tokens.dll|desktop\lib\Microsoft.Extensions.Caching.Abstractions.dll|desktop\lib\System.IO.UnmanagedMemoryStream.dll|third-party-licenses\sql-server-data-tools-license-terms-vs2017.txt|core\lib\mac\Microsoft.SqlServer.Dac.dll|desktop\lib\Microsoft.Extensions.Caching.Memory.dll|desktop\lib\System.Linq.dll|third-party-licenses\sql-server-data-tools-license-terms.txt|core\lib\mac\Microsoft.SqlServer.Dac.Extensions.dll|desktop\lib\Microsoft.Extensions.DependencyInjection.Abstractions.dll|desktop\lib\System.Linq.Expressions.dll|third-party-licenses\ThirdPartyNoticesDacFramework.rtf</S>
          <S N="GUID">00b61a37-6c36-40d8-8865-ac0180288c84</S>
          <S N="CompanyName">dbatools.io</S>
        </MS>
      </Obj>
      <S N="InstalledLocation">C:\Users\CP364327\OneDrive - Capitec Bank Ltd\Documents\PowerShell\Modules\dbatools.library\2023.9.21</S>
    </MS>
  </Obj>
</Objs>
