<Objs Version="1.1.0.1" xmlns="http://schemas.microsoft.com/powershell/2004/04">
  <Obj RefId="0">
    <TN RefId="0">
      <T>Microsoft.PowerShell.Commands.PSRepositoryItemInfo</T>
      <T>System.Management.Automation.PSCustomObject</T>
      <T>System.Object</T>
    </TN>
    <MS>
      <S N="Name">PureStoragePowerShellToolkit.FlashArray</S>
      <Version N="Version">3.0.1</Version>
      <S N="Type">Module</S>
      <S N="Description">PowerShell Toolkit for Pure Storage Flasharray and Initiators.</S>
      <S N="Author">Pure Storage</S>
      <Obj N="CompanyName" RefId="1">
        <TN RefId="1">
          <T>System.Object[]</T>
          <T>System.Array</T>
          <T>System.Object</T>
        </TN>
        <LST>
          <S>barkz</S>
          <S>mnelson-pure</S>
        </LST>
      </Obj>
      <S N="Copyright">(c) 2023 Pure Storage, Inc. All rights reserved.</S>
      <DT N="PublishedDate">2023-06-28T15:43:33+02:00</DT>
      <Obj N="InstalledDate" RefId="2">
        <DT>2024-01-25T07:58:11.7676177+02:00</DT>
        <MS>
          <Obj N="DisplayHint" RefId="3">
            <TN RefId="2">
              <T>Microsoft.PowerShell.Commands.DisplayHintType</T>
              <T>System.Enum</T>
              <T>System.ValueType</T>
              <T>System.Object</T>
            </TN>
            <ToString>DateTime</ToString>
            <I32>2</I32>
          </Obj>
        </MS>
      </Obj>
      <Nil N="UpdatedDate" />
      <URI N="LicenseUri">https://github.com/PureStorage-OpenConnect/PowerShell-Toolkit/blob/dev/LICENSE</URI>
      <URI N="ProjectUri">https://github.com/PureStorage-OpenConnect/PowerShell-Toolkit</URI>
      <URI N="IconUri">https://github.com/PureStorage-OpenConnect/PowerShell-Toolkit/blob/dev/Installer/icon.ico</URI>
      <Obj N="Tags" RefId="4">
        <TNRef RefId="1" />
        <LST>
          <S>PureStorage</S>
          <S>PowerShell</S>
          <S>FlashArray</S>
          <S>PSModule</S>
        </LST>
      </Obj>
      <Obj N="Includes" RefId="5">
        <TN RefId="3">
          <T>System.Collections.Hashtable</T>
          <T>System.Object</T>
        </TN>
        <DCT>
          <En>
            <S N="Key">RoleCapability</S>
            <Obj N="Value" RefId="6">
              <TNRef RefId="1" />
              <LST />
            </Obj>
          </En>
          <En>
            <S N="Key">Workflow</S>
            <Ref N="Value" RefId="6" />
          </En>
          <En>
            <S N="Key">Function</S>
            <Obj N="Value" RefId="7">
              <TNRef RefId="1" />
              <LST>
                <S>Get-Pfa2AllHostVolumeInfo</S>
                <S>Get-Pfa2DisconnectedVolumes</S>
                <S>Get-Pfa2Space</S>
                <S>Get-Pfa2StaleSnapshots</S>
                <S>Get-Pfa2PgroupsConfig</S>
                <S>Get-Pfa2Config</S>
                <S>Get-Pfa2Hierarchy</S>
                <S>Get-Pfa2QuickCapacityStats</S>
                <S>Get-Pfa2RASession</S>
                <S>Get-Pfa2VolumeGrowth</S>
                <S>Get-Pfa2ConnectDetails</S>
                <S>Remove-Pfa2PendingDeletes</S>
                <S>Restore-Pfa2PGroupVolumeSnapshots</S>
                <S>Sync-Pfa2Hosts</S>
                <S>New-Pfa2PGroupVolumes</S>
                <S>New-Pfa2CapacityReport</S>
                <S>Export-Pfa2Excel</S>
                <S>New-Pfa2ExcelReport</S>
                <S>Get-Pfa2Credential</S>
                <S>Set-Pfa2Credential</S>
                <S>Clear-Pfa2Credential</S>
              </LST>
            </Obj>
          </En>
          <En>
            <S N="Key">Cmdlet</S>
            <Ref N="Value" RefId="6" />
          </En>
          <En>
            <S N="Key">DscResource</S>
            <Ref N="Value" RefId="6" />
          </En>
          <En>
            <S N="Key">Command</S>
            <Obj N="Value" RefId="8">
              <TNRef RefId="1" />
              <LST>
                <S>Get-Pfa2AllHostVolumeInfo</S>
                <S>Get-Pfa2DisconnectedVolumes</S>
                <S>Get-Pfa2Space</S>
                <S>Get-Pfa2StaleSnapshots</S>
                <S>Get-Pfa2PgroupsConfig</S>
                <S>Get-Pfa2Config</S>
                <S>Get-Pfa2Hierarchy</S>
                <S>Get-Pfa2QuickCapacityStats</S>
                <S>Get-Pfa2RASession</S>
                <S>Get-Pfa2VolumeGrowth</S>
                <S>Get-Pfa2ConnectDetails</S>
                <S>Remove-Pfa2PendingDeletes</S>
                <S>Restore-Pfa2PGroupVolumeSnapshots</S>
                <S>Sync-Pfa2Hosts</S>
                <S>New-Pfa2PGroupVolumes</S>
                <S>New-Pfa2CapacityReport</S>
                <S>Export-Pfa2Excel</S>
                <S>New-Pfa2ExcelReport</S>
                <S>Get-Pfa2Credential</S>
                <S>Set-Pfa2Credential</S>
                <S>Clear-Pfa2Credential</S>
              </LST>
            </Obj>
          </En>
        </DCT>
      </Obj>
      <Nil N="PowerShellGetFormatVersion" />
      <S N="ReleaseNotes">https://github.com/PureStorage-OpenConnect/powershell-toolkit/dev/main/CHANGELOG.md</S>
      <Obj N="Dependencies" RefId="9">
        <TNRef RefId="1" />
        <LST>
          <Obj RefId="10">
            <TN RefId="4">
              <T>System.Collections.Specialized.OrderedDictionary</T>
              <T>System.Object</T>
            </TN>
            <DCT>
              <En>
                <S N="Key">Name</S>
                <S N="Value">PureStoragePowerShellSDK2</S>
              </En>
              <En>
                <S N="Key">MinimumVersion</S>
                <S N="Value">2.16.0</S>
              </En>
              <En>
                <S N="Key">CanonicalId</S>
                <S N="Value">nuget:PureStoragePowerShellSDK2/2.16.0</S>
              </En>
            </DCT>
          </Obj>
        </LST>
      </Obj>
      <S N="RepositorySourceLocation">https://www.powershellgallery.com/api/v2</S>
      <S N="Repository">PSGallery</S>
      <S N="PackageManagementProvider">NuGet</S>
      <Obj N="AdditionalMetadata" RefId="11">
        <TN RefId="5">
          <T>System.Management.Automation.PSCustomObject</T>
          <T>System.Object</T>
        </TN>
        <MS>
          <S N="copyright">(c) 2023 Pure Storage, Inc. All rights reserved.</S>
          <S N="description">PowerShell Toolkit for Pure Storage Flasharray and Initiators.</S>
          <S N="requireLicenseAcceptance">True</S>
          <S N="releaseNotes">https://github.com/PureStorage-OpenConnect/powershell-toolkit/dev/main/CHANGELOG.md</S>
          <S N="isLatestVersion">True</S>
          <S N="isAbsoluteLatestVersion">True</S>
          <S N="versionDownloadCount">640</S>
          <S N="downloadCount">640</S>
          <S N="packageSize">1680638</S>
          <S N="published">28/06/2023 03:43:33 PM +02:00</S>
          <S N="created">28/06/2023 03:43:33 PM +02:00</S>
          <S N="lastUpdated">24/01/2024 12:56:30 PM +02:00</S>
          <S N="tags">PureStorage PowerShell FlashArray PSModule PSFunction_Get-Pfa2AllHostVolumeInfo PSCommand_Get-Pfa2AllHostVolumeInfo PSFunction_Get-Pfa2DisconnectedVolumes PSCommand_Get-Pfa2DisconnectedVolumes PSFunction_Get-Pfa2Space PSCommand_Get-Pfa2Space PSFunction_Get-Pfa2StaleSnapshots PSCommand_Get-Pfa2StaleSnapshots PSFunction_Get-Pfa2PgroupsConfig PSCommand_Get-Pfa2PgroupsConfig PSFunction_Get-Pfa2Config PSCommand_Get-Pfa2Config PSFunction_Get-Pfa2Hierarchy PSCommand_Get-Pfa2Hierarchy PSFunction_Get-Pfa2QuickCapacityStats PSCommand_Get-Pfa2QuickCapacityStats PSFunction_Get-Pfa2RASession PSCommand_Get-Pfa2RASession PSFunction_Get-Pfa2VolumeGrowth PSCommand_Get-Pfa2VolumeGrowth PSFunction_Get-Pfa2ConnectDetails PSCommand_Get-Pfa2ConnectDetails PSFunction_Remove-Pfa2PendingDeletes PSCommand_Remove-Pfa2PendingDeletes PSFunction_Restore-Pfa2PGroupVolumeSnapshots PSCommand_Restore-Pfa2PGroupVolumeSnapshots PSFunction_Sync-Pfa2Hosts PSCommand_Sync-Pfa2Hosts PSFunction_New-Pfa2PGroupVolumes PSCommand_New-Pfa2PGroupVolumes PSFunction_New-Pfa2CapacityReport PSCommand_New-Pfa2CapacityReport PSFunction_Export-Pfa2Excel PSCommand_Export-Pfa2Excel PSFunction_New-Pfa2ExcelReport PSCommand_New-Pfa2ExcelReport PSFunction_Get-Pfa2Credential PSCommand_Get-Pfa2Credential PSFunction_Set-Pfa2Credential PSCommand_Set-Pfa2Credential PSFunction_Clear-Pfa2Credential PSCommand_Clear-Pfa2Credential PSIncludes_Function</S>
          <S N="developmentDependency">False</S>
          <S N="updated">2024-01-24T12:56:30Z</S>
          <S N="NormalizedVersion">3.0.1</S>
          <S N="Authors">Pure Storage</S>
          <S N="IsPrerelease">false</S>
          <S N="ItemType">Module</S>
          <S N="FileList">PureStoragePowerShellToolkit.FlashArray.nuspec|DocumentFormat.OpenXml.dll|PureStoragePowerShellToolkit.FlashArray.format.ps1xml|PureStoragePowerShellToolkit.FlashArray.psd1|PureStoragePowerShellToolkit.FlashArray.types.ps1xml|LICENSE|PureStoragePowerShellToolkit.FlashArray.psm1|System.IO.Packaging.dll|licenses.txt</S>
          <S N="GUID">78b97dbd-d9f9-4414-b6ff-b0fba3487042</S>
          <S N="PowerShellVersion">5.1</S>
          <S N="DotNetFrameworkVersion">4.5</S>
          <S N="CompanyName">Pure Storage, Inc.</S>
        </MS>
      </Obj>
      <S N="InstalledLocation">C:\Users\CP364327\OneDrive - Capitec Bank Ltd\Documents\PowerShell\Modules\PureStoragePowerShellToolkit.FlashArray\3.0.1</S>
    </MS>
  </Obj>
</Objs>
