<Objs Version="1.1.0.1" xmlns="http://schemas.microsoft.com/powershell/2004/04">
  <Obj RefId="0">
    <TN RefId="0">
      <T>Microsoft.PowerShell.Commands.PSRepositoryItemInfo</T>
      <T>System.Management.Automation.PSCustomObject</T>
      <T>System.Object</T>
    </TN>
    <MS>
      <S N="Name">PureStoragePowerShellSDK2</S>
      <Version N="Version">2.24.70</Version>
      <S N="Type">Module</S>
      <S N="Description">Pure Storage FlashArray REST 2.24 API integration with Windows PowerShell.</S>
      <S N="Author">Pure Storage Inc.</S>
      <Obj N="CompanyName" RefId="1">
        <TN RefId="1">
          <T>System.Object[]</T>
          <T>System.Array</T>
          <T>System.Object</T>
        </TN>
        <LST>
          <S>mnelson-pure</S>
          <S>q-purestorage</S>
        </LST>
      </Obj>
      <S N="Copyright">(c) 2023 Pure Storage, Inc. All rights reserved.</S>
      <DT N="PublishedDate">2023-08-31T23:26:11+02:00</DT>
      <Obj N="InstalledDate" RefId="2">
        <DT>2024-01-25T07:57:40.6301048+02:00</DT>
        <MS>
          <Obj N="DisplayHint" RefId="3">
            <TN RefId="2">
              <T>Microsoft.PowerShell.Commands.DisplayHintType</T>
              <T>System.Enum</T>
              <T>System.ValueType</T>
              <T>System.Object</T>
            </TN>
            <ToString>DateTime</ToString>
            <I32>2</I32>
          </Obj>
        </MS>
      </Obj>
      <Nil N="UpdatedDate" />
      <URI N="LicenseUri">https://www.purestorage.com/docs.html?item=/type/pdf/subtype/doc/path/content/dam/pdf/en/legal/pure-storage-plugin-end-user-license-agreement.pdf</URI>
      <URI N="ProjectUri">https://github.com/PureStorage-Connect/PowerShellSDK2</URI>
      <Nil N="IconUri" />
      <Obj N="Tags" RefId="4">
        <TNRef RefId="1" />
        <LST>
          <S>PureStorage</S>
          <S>FlashArray</S>
          <S>PSModule</S>
        </LST>
      </Obj>
      <Obj N="Includes" RefId="5">
        <TN RefId="3">
          <T>System.Collections.Hashtable</T>
          <T>System.Object</T>
        </TN>
        <DCT>
          <En>
            <S N="Key">RoleCapability</S>
            <Obj N="Value" RefId="6">
              <TNRef RefId="1" />
              <LST />
            </Obj>
          </En>
          <En>
            <S N="Key">Workflow</S>
            <Ref N="Value" RefId="6" />
          </En>
          <En>
            <S N="Key">Function</S>
            <Ref N="Value" RefId="6" />
          </En>
          <En>
            <S N="Key">Cmdlet</S>
            <Obj N="Value" RefId="7">
              <TNRef RefId="1" />
              <LST>
                <S>Connect-Pfa2Array</S>
                <S>Disconnect-Pfa2Array</S>
                <S>Get-Pfa2ApiVersion</S>
                <S>Invoke-Pfa2CLICommand</S>
                <S>Invoke-Pfa2RestCommand</S>
                <S>New-Pfa2ArrayAuth</S>
                <S>Set-Pfa2Logging</S>
                <S>New-Pfa2Login</S>
                <S>New-Pfa2Logout</S>
                <S>Get-Pfa2ActiveDirectory</S>
                <S>New-Pfa2ActiveDirectory</S>
                <S>Update-Pfa2ActiveDirectory</S>
                <S>Remove-Pfa2ActiveDirectory</S>
                <S>Get-Pfa2Admin</S>
                <S>New-Pfa2Admin</S>
                <S>Update-Pfa2Admin</S>
                <S>Remove-Pfa2Admin</S>
                <S>Get-Pfa2AdminApiToken</S>
                <S>New-Pfa2AdminApiToken</S>
                <S>Remove-Pfa2AdminApiToken</S>
                <S>Get-Pfa2AdminCache</S>
                <S>Set-Pfa2AdminCache</S>
                <S>Remove-Pfa2AdminCache</S>
                <S>Get-Pfa2AdminSetting</S>
                <S>Update-Pfa2AdminSetting</S>
                <S>Get-Pfa2Alert</S>
                <S>Update-Pfa2Alert</S>
                <S>Get-Pfa2AlertEvent</S>
                <S>Get-Pfa2AlertRule</S>
                <S>New-Pfa2AlertRule</S>
                <S>Update-Pfa2AlertRule</S>
                <S>Remove-Pfa2AlertRule</S>
                <S>Get-Pfa2AlertRuleCatalog</S>
                <S>Get-Pfa2AlertWatcher</S>
                <S>New-Pfa2AlertWatcher</S>
                <S>Update-Pfa2AlertWatcher</S>
                <S>Remove-Pfa2AlertWatcher</S>
                <S>Get-Pfa2AlertWatcherTest</S>
                <S>Get-Pfa2ApiClient</S>
                <S>New-Pfa2ApiClient</S>
                <S>Update-Pfa2ApiClient</S>
                <S>Remove-Pfa2ApiClient</S>
                <S>Get-Pfa2App</S>
                <S>Update-Pfa2App</S>
                <S>Get-Pfa2AppNode</S>
                <S>Get-Pfa2Array</S>
                <S>Update-Pfa2Array</S>
                <S>Remove-Pfa2Array</S>
                <S>Get-Pfa2ArrayCloudProviderTag</S>
                <S>Remove-Pfa2ArrayCloudProviderTag</S>
                <S>Set-Pfa2ArrayCloudProviderTagBatch</S>
                <S>Get-Pfa2ArrayEula</S>
                <S>Update-Pfa2ArrayEula</S>
                <S>Get-Pfa2ArrayFactoryResetToken</S>
                <S>New-Pfa2ArrayFactoryResetToken</S>
                <S>Remove-Pfa2ArrayFactoryResetToken</S>
                <S>Get-Pfa2ArrayNtpTest</S>
                <S>Get-Pfa2ArrayPerformance</S>
                <S>Get-Pfa2ArraysPerformanceByLink</S>
                <S>Get-Pfa2ArraySpace</S>
                <S>Get-Pfa2ArrayConnection</S>
                <S>New-Pfa2ArrayConnection</S>
                <S>Update-Pfa2ArrayConnection</S>
                <S>Remove-Pfa2ArrayConnection</S>
                <S>Get-Pfa2ArrayConnectionKey</S>
                <S>Get-Pfa2ArrayConnectionPath</S>
                <S>Get-Pfa2Audit</S>
                <S>Get-Pfa2Certificate</S>
                <S>New-Pfa2Certificate</S>
                <S>Update-Pfa2Certificate</S>
                <S>Remove-Pfa2Certificate</S>
                <S>New-Pfa2CertificateSigningRequest</S>
                <S>Get-Pfa2Connection</S>
                <S>New-Pfa2Connection</S>
                <S>Remove-Pfa2Connection</S>
                <S>Get-Pfa2ContainerDefaultProtection</S>
                <S>Update-Pfa2ContainerDefaultProtection</S>
                <S>Get-Pfa2Controller</S>
                <S>Get-Pfa2Directory</S>
                <S>New-Pfa2Directory</S>
                <S>Update-Pfa2Directory</S>
                <S>Remove-Pfa2Directory</S>
                <S>Get-Pfa2DirectoryPerformance</S>
                <S>Get-Pfa2DirectoryPolicy</S>
                <S>Get-Pfa2DirectoryPolicyAutodir</S>
                <S>New-Pfa2DirectoryPolicyAutodir</S>
                <S>Remove-Pfa2DirectoryPolicyAutodir</S>
                <S>Get-Pfa2DirectoryPolicyNfs</S>
                <S>New-Pfa2DirectoryPolicyNfs</S>
                <S>Remove-Pfa2DirectoryPolicyNfs</S>
                <S>Get-Pfa2DirectoryPolicyQuota</S>
                <S>New-Pfa2DirectoryPolicyQuota</S>
                <S>Remove-Pfa2DirectoryPolicyQuota</S>
                <S>Get-Pfa2DirectoryPolicySmb</S>
                <S>New-Pfa2DirectoryPolicySmb</S>
                <S>Remove-Pfa2DirectoryPolicySmb</S>
                <S>Get-Pfa2DirectoryPolicySnapshot</S>
                <S>New-Pfa2DirectoryPolicySnapshot</S>
                <S>Remove-Pfa2DirectoryPolicySnapshot</S>
                <S>Get-Pfa2DirectorySpace</S>
                <S>Get-Pfa2DirectoryExport</S>
                <S>New-Pfa2DirectoryExport</S>
                <S>Remove-Pfa2DirectoryExport</S>
                <S>Get-Pfa2DirectoryQuota</S>
                <S>Get-Pfa2DirectoryService</S>
                <S>Update-Pfa2DirectoryService</S>
                <S>Get-Pfa2DirectoryServiceRole</S>
                <S>Update-Pfa2DirectoryServiceRole</S>
                <S>Get-Pfa2DirectoryServiceTest</S>
                <S>Get-Pfa2DirectoryServiceLocalGroup</S>
                <S>New-Pfa2DirectoryServiceLocalGroup</S>
                <S>Update-Pfa2DirectoryServiceLocalGroup</S>
                <S>Remove-Pfa2DirectoryServiceLocalGroup</S>
                <S>Get-Pfa2DirectoryServiceLocalGroupMember</S>
                <S>New-Pfa2DirectoryServiceLocalGroupMember</S>
                <S>Get-Pfa2DirectoryServiceLocalUser</S>
                <S>New-Pfa2DirectoryServiceLocalUser</S>
                <S>Update-Pfa2DirectoryServiceLocalUser</S>
                <S>Remove-Pfa2DirectoryServiceLocalUser</S>
                <S>Get-Pfa2DirectoryServiceLocalUserMember</S>
                <S>New-Pfa2DirectoryServiceLocalUserMember</S>
                <S>Remove-Pfa2DirectoryServiceLocalUserMember</S>
                <S>Get-Pfa2DirectorySnapshot</S>
                <S>New-Pfa2DirectorySnapshot</S>
                <S>Update-Pfa2DirectorySnapshot</S>
                <S>Remove-Pfa2DirectorySnapshot</S>
                <S>Get-Pfa2Dns</S>
                <S>New-Pfa2Dns</S>
                <S>Update-Pfa2Dns</S>
                <S>Remove-Pfa2Dns</S>
                <S>Get-Pfa2Drive</S>
                <S>Update-Pfa2Drive</S>
                <S>Get-Pfa2FileSystem</S>
                <S>New-Pfa2FileSystem</S>
                <S>Update-Pfa2FileSystem</S>
                <S>Remove-Pfa2FileSystem</S>
                <S>Get-Pfa2Hardware</S>
                <S>Update-Pfa2Hardware</S>
                <S>Get-Pfa2HostGroup</S>
                <S>New-Pfa2HostGroup</S>
                <S>Update-Pfa2HostGroup</S>
                <S>Remove-Pfa2HostGroup</S>
                <S>Get-Pfa2HostGroupHost</S>
                <S>New-Pfa2HostGroupHost</S>
                <S>Remove-Pfa2HostGroupHost</S>
                <S>Get-Pfa2HostGroupPerformance</S>
                <S>Get-Pfa2HostGroupPerformanceByArray</S>
                <S>Get-Pfa2HostGroupProtectionGroup</S>
                <S>New-Pfa2HostGroupProtectionGroup</S>
                <S>Remove-Pfa2HostGroupProtectionGroup</S>
                <S>Get-Pfa2HostGroupSpace</S>
                <S>Get-Pfa2Host</S>
                <S>New-Pfa2Host</S>
                <S>Update-Pfa2Host</S>
                <S>Remove-Pfa2Host</S>
                <S>Get-Pfa2HostHostGroup</S>
                <S>New-Pfa2HostHostGroup</S>
                <S>Remove-Pfa2HostHostGroup</S>
                <S>Get-Pfa2HostPerformance</S>
                <S>Get-Pfa2HostPerformanceBalance</S>
                <S>Get-Pfa2HostPerformanceByArray</S>
                <S>Get-Pfa2HostProtectionGroup</S>
                <S>New-Pfa2HostProtectionGroup</S>
                <S>Remove-Pfa2HostProtectionGroup</S>
                <S>Get-Pfa2HostSpace</S>
                <S>Get-Pfa2Kmip</S>
                <S>New-Pfa2Kmip</S>
                <S>Update-Pfa2Kmip</S>
                <S>Remove-Pfa2Kmip</S>
                <S>Get-Pfa2KmipTest</S>
                <S>Get-Pfa2MaintenanceWindow</S>
                <S>New-Pfa2MaintenanceWindow</S>
                <S>Remove-Pfa2MaintenanceWindow</S>
                <S>Get-Pfa2NetworkInterface</S>
                <S>New-Pfa2NetworkInterface</S>
                <S>Update-Pfa2NetworkInterface</S>
                <S>Remove-Pfa2NetworkInterface</S>
                <S>Get-Pfa2NetworkInterfaceNeighbor</S>
                <S>Get-Pfa2NetworkInterfacePerformance</S>
                <S>Get-Pfa2NetworkInterfacePortDetail</S>
                <S>Get-Pfa2Offload</S>
                <S>New-Pfa2Offload</S>
                <S>Remove-Pfa2Offload</S>
                <S>Get-Pfa2Pod</S>
                <S>New-Pfa2Pod</S>
                <S>Update-Pfa2Pod</S>
                <S>Remove-Pfa2Pod</S>
                <S>Get-Pfa2PodArray</S>
                <S>New-Pfa2PodArray</S>
                <S>Remove-Pfa2PodArray</S>
                <S>Get-Pfa2PodPerformance</S>
                <S>Get-Pfa2PodPerformanceByArray</S>
                <S>Get-Pfa2PodPerformanceReplication</S>
                <S>Get-Pfa2PodPerformanceReplicationByArray</S>
                <S>Get-Pfa2PodSpace</S>
                <S>Get-Pfa2PodReplicaLink</S>
                <S>New-Pfa2PodReplicaLink</S>
                <S>Update-Pfa2PodReplicaLink</S>
                <S>Remove-Pfa2PodReplicaLink</S>
                <S>Get-Pfa2PodReplicaLinkLag</S>
                <S>Get-Pfa2PodReplicaLinkPerformanceReplication</S>
                <S>Get-Pfa2Policy</S>
                <S>Get-Pfa2PolicyAutodir</S>
                <S>New-Pfa2PolicyAutodir</S>
                <S>Update-Pfa2PolicyAutodir</S>
                <S>Remove-Pfa2PolicyAutodir</S>
                <S>Get-Pfa2PolicyAutodirMember</S>
                <S>New-Pfa2PolicyAutodirMember</S>
                <S>Remove-Pfa2PolicyAutodirMember</S>
                <S>Get-Pfa2PolicyMember</S>
                <S>Get-Pfa2PolicyNfs</S>
                <S>New-Pfa2PolicyNfs</S>
                <S>Update-Pfa2PolicyNfs</S>
                <S>Remove-Pfa2PolicyNfs</S>
                <S>Get-Pfa2PolicyNfsClientRule</S>
                <S>New-Pfa2PolicyNfsClientRule</S>
                <S>Remove-Pfa2PolicyNfsClientRule</S>
                <S>Get-Pfa2PolicyNfsMember</S>
                <S>New-Pfa2PolicyNfsMember</S>
                <S>Remove-Pfa2PolicyNfsMember</S>
                <S>Get-Pfa2PolicyQuota</S>
                <S>New-Pfa2PolicyQuota</S>
                <S>Update-Pfa2PolicyQuota</S>
                <S>Remove-Pfa2PolicyQuota</S>
                <S>Get-Pfa2PolicyQuotaMember</S>
                <S>New-Pfa2PolicyQuotaMember</S>
                <S>Remove-Pfa2PolicyQuotaMember</S>
                <S>Get-Pfa2PolicyQuotaRule</S>
                <S>New-Pfa2PolicyQuotaRule</S>
                <S>Update-Pfa2PolicyQuotaRule</S>
                <S>Remove-Pfa2PolicyQuotaRule</S>
                <S>Get-Pfa2PolicySmb</S>
                <S>New-Pfa2PolicySmb</S>
                <S>Update-Pfa2PolicySmb</S>
                <S>Remove-Pfa2PolicySmb</S>
                <S>Get-Pfa2PolicySmbClientRule</S>
                <S>New-Pfa2PolicySmbClientRule</S>
                <S>Remove-Pfa2PolicySmbClientRule</S>
                <S>Get-Pfa2PolicySmbMember</S>
                <S>New-Pfa2PolicySmbMember</S>
                <S>Remove-Pfa2PolicySmbMember</S>
                <S>Get-Pfa2PolicySnapshot</S>
                <S>New-Pfa2PolicySnapshot</S>
                <S>Update-Pfa2PolicySnapshot</S>
                <S>Remove-Pfa2PolicySnapshot</S>
                <S>Get-Pfa2PolicySnapshotMember</S>
                <S>New-Pfa2PolicySnapshotMember</S>
                <S>Remove-Pfa2PolicySnapshotMember</S>
                <S>Get-Pfa2PolicySnapshotRule</S>
                <S>New-Pfa2PolicySnapshotRule</S>
                <S>Remove-Pfa2PolicySnapshotRule</S>
                <S>Get-Pfa2Port</S>
                <S>Get-Pfa2PortInitiator</S>
                <S>Get-Pfa2ProtectionGroup</S>
                <S>New-Pfa2ProtectionGroup</S>
                <S>Update-Pfa2ProtectionGroup</S>
                <S>Remove-Pfa2ProtectionGroup</S>
                <S>Get-Pfa2ProtectionGroupHost</S>
                <S>New-Pfa2ProtectionGroupHost</S>
                <S>Remove-Pfa2ProtectionGroupHost</S>
                <S>Get-Pfa2ProtectionGroupHostGroup</S>
                <S>New-Pfa2ProtectionGroupHostGroup</S>
                <S>Remove-Pfa2ProtectionGroupHostGroup</S>
                <S>Get-Pfa2ProtectionGroupPerformanceReplication</S>
                <S>Get-Pfa2ProtectionGroupPerformanceReplicationByArray</S>
                <S>Get-Pfa2ProtectionGroupSpace</S>
                <S>Get-Pfa2ProtectionGroupTarget</S>
                <S>New-Pfa2ProtectionGroupTarget</S>
                <S>Update-Pfa2ProtectionGroupTarget</S>
                <S>Remove-Pfa2ProtectionGroupTarget</S>
                <S>Get-Pfa2ProtectionGroupVolume</S>
                <S>New-Pfa2ProtectionGroupVolume</S>
                <S>Remove-Pfa2ProtectionGroupVolume</S>
                <S>Get-Pfa2ProtectionGroupSnapshot</S>
                <S>New-Pfa2ProtectionGroupSnapshot</S>
                <S>Update-Pfa2ProtectionGroupSnapshot</S>
                <S>Remove-Pfa2ProtectionGroupSnapshot</S>
                <S>Get-Pfa2ProtectionGroupSnapshotTransfer</S>
                <S>Get-Pfa2RemotePod</S>
                <S>Get-Pfa2RemoteProtectionGroup</S>
                <S>Update-Pfa2RemoteProtectionGroup</S>
                <S>Remove-Pfa2RemoteProtectionGroup</S>
                <S>Get-Pfa2RemoteProtectionGroupSnapshot</S>
                <S>New-Pfa2RemoteProtectionGroupSnapshot</S>
                <S>Update-Pfa2RemoteProtectionGroupSnapshot</S>
                <S>Remove-Pfa2RemoteProtectionGroupSnapshot</S>
                <S>Get-Pfa2RemoteProtectionGroupSnapshotTransfer</S>
                <S>Get-Pfa2RemoteVolumeSnapshot</S>
                <S>New-Pfa2RemoteVolumeSnapshot</S>
                <S>Update-Pfa2RemoteVolumeSnapshot</S>
                <S>Remove-Pfa2RemoteVolumeSnapshot</S>
                <S>Get-Pfa2RemoteVolumeSnapshotTransfer</S>
                <S>Get-Pfa2Session</S>
                <S>Get-Pfa2SmiS</S>
                <S>Update-Pfa2SmiS</S>
                <S>Get-Pfa2SmtpServer</S>
                <S>Update-Pfa2SmtpServer</S>
                <S>Get-Pfa2SnmpAgent</S>
                <S>Update-Pfa2SnmpAgent</S>
                <S>Get-Pfa2SnmpAgentMib</S>
                <S>Get-Pfa2SnmpManager</S>
                <S>New-Pfa2SnmpManager</S>
                <S>Update-Pfa2SnmpManager</S>
                <S>Remove-Pfa2SnmpManager</S>
                <S>Get-Pfa2SnmpManagerTest</S>
                <S>Get-Pfa2Software</S>
                <S>New-Pfa2Software</S>
                <S>Remove-Pfa2Software</S>
                <S>Get-Pfa2SoftwareBundle</S>
                <S>New-Pfa2SoftwareBundle</S>
                <S>Get-Pfa2SoftwareCheck</S>
                <S>New-Pfa2SoftwareCheck</S>
                <S>Remove-Pfa2SoftwareCheck</S>
                <S>Get-Pfa2SoftwareInstallation</S>
                <S>New-Pfa2SoftwareInstallation</S>
                <S>Update-Pfa2SoftwareInstallation</S>
                <S>Get-Pfa2SoftwareInstallationStep</S>
                <S>Get-Pfa2SoftwarePatch</S>
                <S>Get-Pfa2SoftwarePatchCatalog</S>
                <S>Get-Pfa2SoftwareVersion</S>
                <S>Get-Pfa2SsoSaml2</S>
                <S>New-Pfa2SsoSaml2</S>
                <S>Update-Pfa2SsoSaml2</S>
                <S>Remove-Pfa2SsoSaml2</S>
                <S>Get-Pfa2SsoSaml2Test</S>
                <S>Update-Pfa2SsoSaml2Test</S>
                <S>Get-Pfa2Subnet</S>
                <S>New-Pfa2Subnet</S>
                <S>Update-Pfa2Subnet</S>
                <S>Remove-Pfa2Subnet</S>
                <S>Get-Pfa2Support</S>
                <S>Update-Pfa2Support</S>
                <S>Get-Pfa2SupportTest</S>
                <S>Get-Pfa2SyslogServer</S>
                <S>New-Pfa2SyslogServer</S>
                <S>Update-Pfa2SyslogServer</S>
                <S>Remove-Pfa2SyslogServer</S>
                <S>Get-Pfa2SyslogServerSetting</S>
                <S>Update-Pfa2SyslogServerSetting</S>
                <S>Get-Pfa2SyslogServerTest</S>
                <S>Get-Pfa2VirtualMachine</S>
                <S>New-Pfa2VirtualMachine</S>
                <S>Update-Pfa2VirtualMachine</S>
                <S>Get-Pfa2VirtualMachineSnapshot</S>
                <S>Get-Pfa2Volume</S>
                <S>New-Pfa2Volume</S>
                <S>Update-Pfa2Volume</S>
                <S>Remove-Pfa2Volume</S>
                <S>Get-Pfa2VolumeDiff</S>
                <S>Get-Pfa2VolumePerformance</S>
                <S>Get-Pfa2VolumePerformanceByArray</S>
                <S>Get-Pfa2VolumeProtectionGroup</S>
                <S>New-Pfa2VolumeProtectionGroup</S>
                <S>Remove-Pfa2VolumeProtectionGroup</S>
                <S>Get-Pfa2VolumeSpace</S>
                <S>Get-Pfa2VolumeTag</S>
                <S>Remove-Pfa2VolumeTag</S>
                <S>Set-Pfa2VolumeTagBatch</S>
                <S>Get-Pfa2VolumeVolumeGroup</S>
                <S>Get-Pfa2VolumeGroup</S>
                <S>New-Pfa2VolumeGroup</S>
                <S>Update-Pfa2VolumeGroup</S>
                <S>Remove-Pfa2VolumeGroup</S>
                <S>Get-Pfa2VolumeGroupPerformance</S>
                <S>Get-Pfa2VolumeGroupSpace</S>
                <S>Get-Pfa2VolumeGroupVolume</S>
                <S>Get-Pfa2VolumeSnapshot</S>
                <S>New-Pfa2VolumeSnapshot</S>
                <S>Update-Pfa2VolumeSnapshot</S>
                <S>Remove-Pfa2VolumeSnapshot</S>
                <S>Get-Pfa2VolumeSnapshotTransfer</S>
                <S>Get-Pfa2VolumeSnapshotTags</S>
                <S>Remove-Pfa2VolumeSnapshotTags</S>
                <S>Set-Pfa2VolumeSnapshotTagsBatch</S>
              </LST>
            </Obj>
          </En>
          <En>
            <S N="Key">DscResource</S>
            <Ref N="Value" RefId="6" />
          </En>
          <En>
            <S N="Key">Command</S>
            <Obj N="Value" RefId="8">
              <TNRef RefId="1" />
              <LST>
                <S>Connect-Pfa2Array</S>
                <S>Disconnect-Pfa2Array</S>
                <S>Get-Pfa2ApiVersion</S>
                <S>Invoke-Pfa2CLICommand</S>
                <S>Invoke-Pfa2RestCommand</S>
                <S>New-Pfa2ArrayAuth</S>
                <S>Set-Pfa2Logging</S>
                <S>New-Pfa2Login</S>
                <S>New-Pfa2Logout</S>
                <S>Get-Pfa2ActiveDirectory</S>
                <S>New-Pfa2ActiveDirectory</S>
                <S>Update-Pfa2ActiveDirectory</S>
                <S>Remove-Pfa2ActiveDirectory</S>
                <S>Get-Pfa2Admin</S>
                <S>New-Pfa2Admin</S>
                <S>Update-Pfa2Admin</S>
                <S>Remove-Pfa2Admin</S>
                <S>Get-Pfa2AdminApiToken</S>
                <S>New-Pfa2AdminApiToken</S>
                <S>Remove-Pfa2AdminApiToken</S>
                <S>Get-Pfa2AdminCache</S>
                <S>Set-Pfa2AdminCache</S>
                <S>Remove-Pfa2AdminCache</S>
                <S>Get-Pfa2AdminSetting</S>
                <S>Update-Pfa2AdminSetting</S>
                <S>Get-Pfa2Alert</S>
                <S>Update-Pfa2Alert</S>
                <S>Get-Pfa2AlertEvent</S>
                <S>Get-Pfa2AlertRule</S>
                <S>New-Pfa2AlertRule</S>
                <S>Update-Pfa2AlertRule</S>
                <S>Remove-Pfa2AlertRule</S>
                <S>Get-Pfa2AlertRuleCatalog</S>
                <S>Get-Pfa2AlertWatcher</S>
                <S>New-Pfa2AlertWatcher</S>
                <S>Update-Pfa2AlertWatcher</S>
                <S>Remove-Pfa2AlertWatcher</S>
                <S>Get-Pfa2AlertWatcherTest</S>
                <S>Get-Pfa2ApiClient</S>
                <S>New-Pfa2ApiClient</S>
                <S>Update-Pfa2ApiClient</S>
                <S>Remove-Pfa2ApiClient</S>
                <S>Get-Pfa2App</S>
                <S>Update-Pfa2App</S>
                <S>Get-Pfa2AppNode</S>
                <S>Get-Pfa2Array</S>
                <S>Update-Pfa2Array</S>
                <S>Remove-Pfa2Array</S>
                <S>Get-Pfa2ArrayCloudProviderTag</S>
                <S>Remove-Pfa2ArrayCloudProviderTag</S>
                <S>Set-Pfa2ArrayCloudProviderTagBatch</S>
                <S>Get-Pfa2ArrayEula</S>
                <S>Update-Pfa2ArrayEula</S>
                <S>Get-Pfa2ArrayFactoryResetToken</S>
                <S>New-Pfa2ArrayFactoryResetToken</S>
                <S>Remove-Pfa2ArrayFactoryResetToken</S>
                <S>Get-Pfa2ArrayNtpTest</S>
                <S>Get-Pfa2ArrayPerformance</S>
                <S>Get-Pfa2ArraysPerformanceByLink</S>
                <S>Get-Pfa2ArraySpace</S>
                <S>Get-Pfa2ArrayConnection</S>
                <S>New-Pfa2ArrayConnection</S>
                <S>Update-Pfa2ArrayConnection</S>
                <S>Remove-Pfa2ArrayConnection</S>
                <S>Get-Pfa2ArrayConnectionKey</S>
                <S>Get-Pfa2ArrayConnectionPath</S>
                <S>Get-Pfa2Audit</S>
                <S>Get-Pfa2Certificate</S>
                <S>New-Pfa2Certificate</S>
                <S>Update-Pfa2Certificate</S>
                <S>Remove-Pfa2Certificate</S>
                <S>New-Pfa2CertificateSigningRequest</S>
                <S>Get-Pfa2Connection</S>
                <S>New-Pfa2Connection</S>
                <S>Remove-Pfa2Connection</S>
                <S>Get-Pfa2ContainerDefaultProtection</S>
                <S>Update-Pfa2ContainerDefaultProtection</S>
                <S>Get-Pfa2Controller</S>
                <S>Get-Pfa2Directory</S>
                <S>New-Pfa2Directory</S>
                <S>Update-Pfa2Directory</S>
                <S>Remove-Pfa2Directory</S>
                <S>Get-Pfa2DirectoryPerformance</S>
                <S>Get-Pfa2DirectoryPolicy</S>
                <S>Get-Pfa2DirectoryPolicyAutodir</S>
                <S>New-Pfa2DirectoryPolicyAutodir</S>
                <S>Remove-Pfa2DirectoryPolicyAutodir</S>
                <S>Get-Pfa2DirectoryPolicyNfs</S>
                <S>New-Pfa2DirectoryPolicyNfs</S>
                <S>Remove-Pfa2DirectoryPolicyNfs</S>
                <S>Get-Pfa2DirectoryPolicyQuota</S>
                <S>New-Pfa2DirectoryPolicyQuota</S>
                <S>Remove-Pfa2DirectoryPolicyQuota</S>
                <S>Get-Pfa2DirectoryPolicySmb</S>
                <S>New-Pfa2DirectoryPolicySmb</S>
                <S>Remove-Pfa2DirectoryPolicySmb</S>
                <S>Get-Pfa2DirectoryPolicySnapshot</S>
                <S>New-Pfa2DirectoryPolicySnapshot</S>
                <S>Remove-Pfa2DirectoryPolicySnapshot</S>
                <S>Get-Pfa2DirectorySpace</S>
                <S>Get-Pfa2DirectoryExport</S>
                <S>New-Pfa2DirectoryExport</S>
                <S>Remove-Pfa2DirectoryExport</S>
                <S>Get-Pfa2DirectoryQuota</S>
                <S>Get-Pfa2DirectoryService</S>
                <S>Update-Pfa2DirectoryService</S>
                <S>Get-Pfa2DirectoryServiceRole</S>
                <S>Update-Pfa2DirectoryServiceRole</S>
                <S>Get-Pfa2DirectoryServiceTest</S>
                <S>Get-Pfa2DirectoryServiceLocalGroup</S>
                <S>New-Pfa2DirectoryServiceLocalGroup</S>
                <S>Update-Pfa2DirectoryServiceLocalGroup</S>
                <S>Remove-Pfa2DirectoryServiceLocalGroup</S>
                <S>Get-Pfa2DirectoryServiceLocalGroupMember</S>
                <S>New-Pfa2DirectoryServiceLocalGroupMember</S>
                <S>Get-Pfa2DirectoryServiceLocalUser</S>
                <S>New-Pfa2DirectoryServiceLocalUser</S>
                <S>Update-Pfa2DirectoryServiceLocalUser</S>
                <S>Remove-Pfa2DirectoryServiceLocalUser</S>
                <S>Get-Pfa2DirectoryServiceLocalUserMember</S>
                <S>New-Pfa2DirectoryServiceLocalUserMember</S>
                <S>Remove-Pfa2DirectoryServiceLocalUserMember</S>
                <S>Get-Pfa2DirectorySnapshot</S>
                <S>New-Pfa2DirectorySnapshot</S>
                <S>Update-Pfa2DirectorySnapshot</S>
                <S>Remove-Pfa2DirectorySnapshot</S>
                <S>Get-Pfa2Dns</S>
                <S>New-Pfa2Dns</S>
                <S>Update-Pfa2Dns</S>
                <S>Remove-Pfa2Dns</S>
                <S>Get-Pfa2Drive</S>
                <S>Update-Pfa2Drive</S>
                <S>Get-Pfa2FileSystem</S>
                <S>New-Pfa2FileSystem</S>
                <S>Update-Pfa2FileSystem</S>
                <S>Remove-Pfa2FileSystem</S>
                <S>Get-Pfa2Hardware</S>
                <S>Update-Pfa2Hardware</S>
                <S>Get-Pfa2HostGroup</S>
                <S>New-Pfa2HostGroup</S>
                <S>Update-Pfa2HostGroup</S>
                <S>Remove-Pfa2HostGroup</S>
                <S>Get-Pfa2HostGroupHost</S>
                <S>New-Pfa2HostGroupHost</S>
                <S>Remove-Pfa2HostGroupHost</S>
                <S>Get-Pfa2HostGroupPerformance</S>
                <S>Get-Pfa2HostGroupPerformanceByArray</S>
                <S>Get-Pfa2HostGroupProtectionGroup</S>
                <S>New-Pfa2HostGroupProtectionGroup</S>
                <S>Remove-Pfa2HostGroupProtectionGroup</S>
                <S>Get-Pfa2HostGroupSpace</S>
                <S>Get-Pfa2Host</S>
                <S>New-Pfa2Host</S>
                <S>Update-Pfa2Host</S>
                <S>Remove-Pfa2Host</S>
                <S>Get-Pfa2HostHostGroup</S>
                <S>New-Pfa2HostHostGroup</S>
                <S>Remove-Pfa2HostHostGroup</S>
                <S>Get-Pfa2HostPerformance</S>
                <S>Get-Pfa2HostPerformanceBalance</S>
                <S>Get-Pfa2HostPerformanceByArray</S>
                <S>Get-Pfa2HostProtectionGroup</S>
                <S>New-Pfa2HostProtectionGroup</S>
                <S>Remove-Pfa2HostProtectionGroup</S>
                <S>Get-Pfa2HostSpace</S>
                <S>Get-Pfa2Kmip</S>
                <S>New-Pfa2Kmip</S>
                <S>Update-Pfa2Kmip</S>
                <S>Remove-Pfa2Kmip</S>
                <S>Get-Pfa2KmipTest</S>
                <S>Get-Pfa2MaintenanceWindow</S>
                <S>New-Pfa2MaintenanceWindow</S>
                <S>Remove-Pfa2MaintenanceWindow</S>
                <S>Get-Pfa2NetworkInterface</S>
                <S>New-Pfa2NetworkInterface</S>
                <S>Update-Pfa2NetworkInterface</S>
                <S>Remove-Pfa2NetworkInterface</S>
                <S>Get-Pfa2NetworkInterfaceNeighbor</S>
                <S>Get-Pfa2NetworkInterfacePerformance</S>
                <S>Get-Pfa2NetworkInterfacePortDetail</S>
                <S>Get-Pfa2Offload</S>
                <S>New-Pfa2Offload</S>
                <S>Remove-Pfa2Offload</S>
                <S>Get-Pfa2Pod</S>
                <S>New-Pfa2Pod</S>
                <S>Update-Pfa2Pod</S>
                <S>Remove-Pfa2Pod</S>
                <S>Get-Pfa2PodArray</S>
                <S>New-Pfa2PodArray</S>
                <S>Remove-Pfa2PodArray</S>
                <S>Get-Pfa2PodPerformance</S>
                <S>Get-Pfa2PodPerformanceByArray</S>
                <S>Get-Pfa2PodPerformanceReplication</S>
                <S>Get-Pfa2PodPerformanceReplicationByArray</S>
                <S>Get-Pfa2PodSpace</S>
                <S>Get-Pfa2PodReplicaLink</S>
                <S>New-Pfa2PodReplicaLink</S>
                <S>Update-Pfa2PodReplicaLink</S>
                <S>Remove-Pfa2PodReplicaLink</S>
                <S>Get-Pfa2PodReplicaLinkLag</S>
                <S>Get-Pfa2PodReplicaLinkPerformanceReplication</S>
                <S>Get-Pfa2Policy</S>
                <S>Get-Pfa2PolicyAutodir</S>
                <S>New-Pfa2PolicyAutodir</S>
                <S>Update-Pfa2PolicyAutodir</S>
                <S>Remove-Pfa2PolicyAutodir</S>
                <S>Get-Pfa2PolicyAutodirMember</S>
                <S>New-Pfa2PolicyAutodirMember</S>
                <S>Remove-Pfa2PolicyAutodirMember</S>
                <S>Get-Pfa2PolicyMember</S>
                <S>Get-Pfa2PolicyNfs</S>
                <S>New-Pfa2PolicyNfs</S>
                <S>Update-Pfa2PolicyNfs</S>
                <S>Remove-Pfa2PolicyNfs</S>
                <S>Get-Pfa2PolicyNfsClientRule</S>
                <S>New-Pfa2PolicyNfsClientRule</S>
                <S>Remove-Pfa2PolicyNfsClientRule</S>
                <S>Get-Pfa2PolicyNfsMember</S>
                <S>New-Pfa2PolicyNfsMember</S>
                <S>Remove-Pfa2PolicyNfsMember</S>
                <S>Get-Pfa2PolicyQuota</S>
                <S>New-Pfa2PolicyQuota</S>
                <S>Update-Pfa2PolicyQuota</S>
                <S>Remove-Pfa2PolicyQuota</S>
                <S>Get-Pfa2PolicyQuotaMember</S>
                <S>New-Pfa2PolicyQuotaMember</S>
                <S>Remove-Pfa2PolicyQuotaMember</S>
                <S>Get-Pfa2PolicyQuotaRule</S>
                <S>New-Pfa2PolicyQuotaRule</S>
                <S>Update-Pfa2PolicyQuotaRule</S>
                <S>Remove-Pfa2PolicyQuotaRule</S>
                <S>Get-Pfa2PolicySmb</S>
                <S>New-Pfa2PolicySmb</S>
                <S>Update-Pfa2PolicySmb</S>
                <S>Remove-Pfa2PolicySmb</S>
                <S>Get-Pfa2PolicySmbClientRule</S>
                <S>New-Pfa2PolicySmbClientRule</S>
                <S>Remove-Pfa2PolicySmbClientRule</S>
                <S>Get-Pfa2PolicySmbMember</S>
                <S>New-Pfa2PolicySmbMember</S>
                <S>Remove-Pfa2PolicySmbMember</S>
                <S>Get-Pfa2PolicySnapshot</S>
                <S>New-Pfa2PolicySnapshot</S>
                <S>Update-Pfa2PolicySnapshot</S>
                <S>Remove-Pfa2PolicySnapshot</S>
                <S>Get-Pfa2PolicySnapshotMember</S>
                <S>New-Pfa2PolicySnapshotMember</S>
                <S>Remove-Pfa2PolicySnapshotMember</S>
                <S>Get-Pfa2PolicySnapshotRule</S>
                <S>New-Pfa2PolicySnapshotRule</S>
                <S>Remove-Pfa2PolicySnapshotRule</S>
                <S>Get-Pfa2Port</S>
                <S>Get-Pfa2PortInitiator</S>
                <S>Get-Pfa2ProtectionGroup</S>
                <S>New-Pfa2ProtectionGroup</S>
                <S>Update-Pfa2ProtectionGroup</S>
                <S>Remove-Pfa2ProtectionGroup</S>
                <S>Get-Pfa2ProtectionGroupHost</S>
                <S>New-Pfa2ProtectionGroupHost</S>
                <S>Remove-Pfa2ProtectionGroupHost</S>
                <S>Get-Pfa2ProtectionGroupHostGroup</S>
                <S>New-Pfa2ProtectionGroupHostGroup</S>
                <S>Remove-Pfa2ProtectionGroupHostGroup</S>
                <S>Get-Pfa2ProtectionGroupPerformanceReplication</S>
                <S>Get-Pfa2ProtectionGroupPerformanceReplicationByArray</S>
                <S>Get-Pfa2ProtectionGroupSpace</S>
                <S>Get-Pfa2ProtectionGroupTarget</S>
                <S>New-Pfa2ProtectionGroupTarget</S>
                <S>Update-Pfa2ProtectionGroupTarget</S>
                <S>Remove-Pfa2ProtectionGroupTarget</S>
                <S>Get-Pfa2ProtectionGroupVolume</S>
                <S>New-Pfa2ProtectionGroupVolume</S>
                <S>Remove-Pfa2ProtectionGroupVolume</S>
                <S>Get-Pfa2ProtectionGroupSnapshot</S>
                <S>New-Pfa2ProtectionGroupSnapshot</S>
                <S>Update-Pfa2ProtectionGroupSnapshot</S>
                <S>Remove-Pfa2ProtectionGroupSnapshot</S>
                <S>Get-Pfa2ProtectionGroupSnapshotTransfer</S>
                <S>Get-Pfa2RemotePod</S>
                <S>Get-Pfa2RemoteProtectionGroup</S>
                <S>Update-Pfa2RemoteProtectionGroup</S>
                <S>Remove-Pfa2RemoteProtectionGroup</S>
                <S>Get-Pfa2RemoteProtectionGroupSnapshot</S>
                <S>New-Pfa2RemoteProtectionGroupSnapshot</S>
                <S>Update-Pfa2RemoteProtectionGroupSnapshot</S>
                <S>Remove-Pfa2RemoteProtectionGroupSnapshot</S>
                <S>Get-Pfa2RemoteProtectionGroupSnapshotTransfer</S>
                <S>Get-Pfa2RemoteVolumeSnapshot</S>
                <S>New-Pfa2RemoteVolumeSnapshot</S>
                <S>Update-Pfa2RemoteVolumeSnapshot</S>
                <S>Remove-Pfa2RemoteVolumeSnapshot</S>
                <S>Get-Pfa2RemoteVolumeSnapshotTransfer</S>
                <S>Get-Pfa2Session</S>
                <S>Get-Pfa2SmiS</S>
                <S>Update-Pfa2SmiS</S>
                <S>Get-Pfa2SmtpServer</S>
                <S>Update-Pfa2SmtpServer</S>
                <S>Get-Pfa2SnmpAgent</S>
                <S>Update-Pfa2SnmpAgent</S>
                <S>Get-Pfa2SnmpAgentMib</S>
                <S>Get-Pfa2SnmpManager</S>
                <S>New-Pfa2SnmpManager</S>
                <S>Update-Pfa2SnmpManager</S>
                <S>Remove-Pfa2SnmpManager</S>
                <S>Get-Pfa2SnmpManagerTest</S>
                <S>Get-Pfa2Software</S>
                <S>New-Pfa2Software</S>
                <S>Remove-Pfa2Software</S>
                <S>Get-Pfa2SoftwareBundle</S>
                <S>New-Pfa2SoftwareBundle</S>
                <S>Get-Pfa2SoftwareCheck</S>
                <S>New-Pfa2SoftwareCheck</S>
                <S>Remove-Pfa2SoftwareCheck</S>
                <S>Get-Pfa2SoftwareInstallation</S>
                <S>New-Pfa2SoftwareInstallation</S>
                <S>Update-Pfa2SoftwareInstallation</S>
                <S>Get-Pfa2SoftwareInstallationStep</S>
                <S>Get-Pfa2SoftwarePatch</S>
                <S>Get-Pfa2SoftwarePatchCatalog</S>
                <S>Get-Pfa2SoftwareVersion</S>
                <S>Get-Pfa2SsoSaml2</S>
                <S>New-Pfa2SsoSaml2</S>
                <S>Update-Pfa2SsoSaml2</S>
                <S>Remove-Pfa2SsoSaml2</S>
                <S>Get-Pfa2SsoSaml2Test</S>
                <S>Update-Pfa2SsoSaml2Test</S>
                <S>Get-Pfa2Subnet</S>
                <S>New-Pfa2Subnet</S>
                <S>Update-Pfa2Subnet</S>
                <S>Remove-Pfa2Subnet</S>
                <S>Get-Pfa2Support</S>
                <S>Update-Pfa2Support</S>
                <S>Get-Pfa2SupportTest</S>
                <S>Get-Pfa2SyslogServer</S>
                <S>New-Pfa2SyslogServer</S>
                <S>Update-Pfa2SyslogServer</S>
                <S>Remove-Pfa2SyslogServer</S>
                <S>Get-Pfa2SyslogServerSetting</S>
                <S>Update-Pfa2SyslogServerSetting</S>
                <S>Get-Pfa2SyslogServerTest</S>
                <S>Get-Pfa2VirtualMachine</S>
                <S>New-Pfa2VirtualMachine</S>
                <S>Update-Pfa2VirtualMachine</S>
                <S>Get-Pfa2VirtualMachineSnapshot</S>
                <S>Get-Pfa2Volume</S>
                <S>New-Pfa2Volume</S>
                <S>Update-Pfa2Volume</S>
                <S>Remove-Pfa2Volume</S>
                <S>Get-Pfa2VolumeDiff</S>
                <S>Get-Pfa2VolumePerformance</S>
                <S>Get-Pfa2VolumePerformanceByArray</S>
                <S>Get-Pfa2VolumeProtectionGroup</S>
                <S>New-Pfa2VolumeProtectionGroup</S>
                <S>Remove-Pfa2VolumeProtectionGroup</S>
                <S>Get-Pfa2VolumeSpace</S>
                <S>Get-Pfa2VolumeTag</S>
                <S>Remove-Pfa2VolumeTag</S>
                <S>Set-Pfa2VolumeTagBatch</S>
                <S>Get-Pfa2VolumeVolumeGroup</S>
                <S>Get-Pfa2VolumeGroup</S>
                <S>New-Pfa2VolumeGroup</S>
                <S>Update-Pfa2VolumeGroup</S>
                <S>Remove-Pfa2VolumeGroup</S>
                <S>Get-Pfa2VolumeGroupPerformance</S>
                <S>Get-Pfa2VolumeGroupSpace</S>
                <S>Get-Pfa2VolumeGroupVolume</S>
                <S>Get-Pfa2VolumeSnapshot</S>
                <S>New-Pfa2VolumeSnapshot</S>
                <S>Update-Pfa2VolumeSnapshot</S>
                <S>Remove-Pfa2VolumeSnapshot</S>
                <S>Get-Pfa2VolumeSnapshotTransfer</S>
                <S>Get-Pfa2VolumeSnapshotTags</S>
                <S>Remove-Pfa2VolumeSnapshotTags</S>
                <S>Set-Pfa2VolumeSnapshotTagsBatch</S>
              </LST>
            </Obj>
          </En>
        </DCT>
      </Obj>
      <Nil N="PowerShellGetFormatVersion" />
      <S N="ReleaseNotes">https://support.purestorage.com/Solutions/Microsoft_Platform_Guide/bbb_Microsoft_Integration_Releases/Pure_Storage_PowerShell_SDK</S>
      <Obj N="Dependencies" RefId="9">
        <TNRef RefId="1" />
        <LST />
      </Obj>
      <S N="RepositorySourceLocation">https://www.powershellgallery.com/api/v2</S>
      <S N="Repository">PSGallery</S>
      <S N="PackageManagementProvider">NuGet</S>
      <Obj N="AdditionalMetadata" RefId="10">
        <TN RefId="4">
          <T>System.Management.Automation.PSCustomObject</T>
          <T>System.Object</T>
        </TN>
        <MS>
          <S N="copyright">(c) 2023 Pure Storage, Inc. All rights reserved.</S>
          <S N="description">Pure Storage FlashArray REST 2.24 API integration with Windows PowerShell.</S>
          <S N="requireLicenseAcceptance">False</S>
          <S N="releaseNotes">https://support.purestorage.com/Solutions/Microsoft_Platform_Guide/bbb_Microsoft_Integration_Releases/Pure_Storage_PowerShell_SDK</S>
          <S N="isLatestVersion">True</S>
          <S N="isAbsoluteLatestVersion">False</S>
          <S N="versionDownloadCount">1836</S>
          <S N="downloadCount">8716</S>
          <S N="packageSize">2939380</S>
          <S N="published">31/08/2023 11:26:11 PM +02:00</S>
          <S N="created">31/08/2023 11:26:11 PM +02:00</S>
          <S N="lastUpdated">25/01/2024 04:06:38 AM +02:00</S>
          <S N="tags">PureStorage FlashArray PSModule PSCmdlet_Connect-Pfa2Array PSCommand_Connect-Pfa2Array PSCmdlet_Disconnect-Pfa2Array PSCommand_Disconnect-Pfa2Array PSCmdlet_Get-Pfa2ApiVersion PSCommand_Get-Pfa2ApiVersion PSCmdlet_Invoke-Pfa2CLICommand PSCommand_Invoke-Pfa2CLICommand PSCmdlet_Invoke-Pfa2RestCommand PSCommand_Invoke-Pfa2RestCommand PSCmdlet_New-Pfa2ArrayAuth PSCommand_New-Pfa2ArrayAuth PSCmdlet_Set-Pfa2Logging PSCommand_Set-Pfa2Logging PSCmdlet_New-Pfa2Login PSCommand_New-Pfa2Login PSCmdlet_New-Pfa2Logout PSCommand_New-Pfa2Logout PSCmdlet_Get-Pfa2ActiveDirectory PSCommand_Get-Pfa2ActiveDirectory PSCmdlet_New-Pfa2ActiveDirectory PSCommand_New-Pfa2ActiveDirectory PSCmdlet_Update-Pfa2ActiveDirectory PSCommand_Update-Pfa2ActiveDirectory PSCmdlet_Remove-Pfa2ActiveDirectory PSCommand_Remove-Pfa2ActiveDirectory PSCmdlet_Get-Pfa2Admin PSCommand_Get-Pfa2Admin PSCmdlet_New-Pfa2Admin PSCommand_New-Pfa2Admin PSCmdlet_Update-Pfa2Admin PSCommand_Update-Pfa2Admin PSCmdlet_Remove-Pfa2Admin PSCommand_Remove-Pfa2Admin PSCmdlet_Get-Pfa2AdminApiToken PSCommand_Get-Pfa2AdminApiToken PSCmdlet_New-Pfa2AdminApiToken PSCommand_New-Pfa2AdminApiToken PSCmdlet_Remove-Pfa2AdminApiToken PSCommand_Remove-Pfa2AdminApiToken PSCmdlet_Get-Pfa2AdminCache PSCommand_Get-Pfa2AdminCache PSCmdlet_Set-Pfa2AdminCache PSCommand_Set-Pfa2AdminCache PSCmdlet_Remove-Pfa2AdminCache PSCommand_Remove-Pfa2AdminCache PSCmdlet_Get-Pfa2AdminSetting PSCommand_Get-Pfa2AdminSetting PSCmdlet_Update-Pfa2AdminSetting PSCommand_Update-Pfa2AdminSetting PSCmdlet_Get-Pfa2Alert PSCommand_Get-Pfa2Alert PSCmdlet_Update-Pfa2Alert PSCommand_Update-Pfa2Alert PSCmdlet_Get-Pfa2AlertEvent PSCommand_Get-Pfa2AlertEvent PSCmdlet_Get-Pfa2AlertRule PSCommand_Get-Pfa2AlertRule PSCmdlet_New-Pfa2AlertRule PSCommand_New-Pfa2AlertRule PSCmdlet_Update-Pfa2AlertRule PSCommand_Update-Pfa2AlertRule PSCmdlet_Remove-Pfa2AlertRule PSCommand_Remove-Pfa2AlertRule PSCmdlet_Get-Pfa2AlertRuleCatalog PSCommand_Get-Pfa2AlertRuleCatalog PSCmdlet_Get-Pfa2AlertWatcher PSCommand_Get-Pfa2AlertWatcher PSCmdlet_New-Pfa2AlertWatcher PSCommand_New-Pfa2AlertWatcher PSCmdlet_Update-Pfa2AlertWatcher PSCommand_Update-Pfa2AlertWatcher PSCmdlet_Remove-Pfa2AlertWatcher PSCommand_Remove-Pfa2AlertWatcher PSCmdlet_Get-Pfa2AlertWatcherTest PSCommand_Get-Pfa2AlertWatcherTest PSCmdlet_Get-Pfa2ApiClient PSCommand_Get-Pfa2ApiClient PSCmdlet_New-Pfa2ApiClient PSCommand_New-Pfa2ApiClient PSCmdlet_Update-Pfa2ApiClient PSCommand_Update-Pfa2ApiClient PSCmdlet_Remove-Pfa2ApiClient PSCommand_Remove-Pfa2ApiClient PSCmdlet_Get-Pfa2App PSCommand_Get-Pfa2App PSCmdlet_Update-Pfa2App PSCommand_Update-Pfa2App PSCmdlet_Get-Pfa2AppNode PSCommand_Get-Pfa2AppNode PSCmdlet_Get-Pfa2Array PSCommand_Get-Pfa2Array PSCmdlet_Update-Pfa2Array PSCommand_Update-Pfa2Array PSCmdlet_Remove-Pfa2Array PSCommand_Remove-Pfa2Array PSCmdlet_Get-Pfa2ArrayCloudProviderTag PSCommand_Get-Pfa2ArrayCloudProviderTag PSCmdlet_Remove-Pfa2ArrayCloudProviderTag PSCommand_Remove-Pfa2ArrayCloudProviderTag PSCmdlet_Set-Pfa2ArrayCloudProviderTagBatch PSCommand_Set-Pfa2ArrayCloudProviderTagBatch PSCmdlet_Get-Pfa2ArrayEula PSCommand_Get-Pfa2ArrayEula PSCmdlet_Update-Pfa2ArrayEula PSCommand_Update-Pfa2ArrayEula PSCmdlet_Get-Pfa2ArrayFactoryResetToken PSCommand_Get-Pfa2ArrayFactoryResetToken PSCmdlet_New-Pfa2ArrayFactoryResetToken PSCommand_New-Pfa2ArrayFactoryResetToken PSCmdlet_Remove-Pfa2ArrayFactoryResetToken PSCommand_Remove-Pfa2ArrayFactoryResetToken PSCmdlet_Get-Pfa2ArrayNtpTest PSCommand_Get-Pfa2ArrayNtpTest PSCmdlet_Get-Pfa2ArrayPerformance PSCommand_Get-Pfa2ArrayPerformance PSCmdlet_Get-Pfa2ArraysPerformanceByLink PSCommand_Get-Pfa2ArraysPerformanceByLink PSCmdlet_Get-Pfa2ArraySpace PSCommand_Get-Pfa2ArraySpace PSCmdlet_Get-Pfa2ArrayConnection PSCommand_Get-Pfa2ArrayConnection PSCmdlet_New-Pfa2ArrayConnection PSCommand_New-Pfa2ArrayConnection PSCmdlet_Update-Pfa2ArrayConnection PSCommand_Update-Pfa2ArrayConnection PSCmdlet_Remove-Pfa2ArrayConnection PSCommand_Remove-Pfa2ArrayConnection PSCmdlet_Get-Pfa2ArrayConnectionKey PSCommand_Get-Pfa2ArrayConnectionKey PSCmdlet_Get-Pfa2ArrayConnectionPath PSCommand_Get-Pfa2ArrayConnectionPath PSCmdlet_Get-Pfa2Audit PSCommand_Get-Pfa2Audit PSCmdlet_Get-Pfa2Certificate PSCommand_Get-Pfa2Certificate PSCmdlet_New-Pfa2Certificate PSCommand_New-Pfa2Certificate PSCmdlet_Update-Pfa2Certificate PSCommand_Update-Pfa2Certificate PSCmdlet_Remove-Pfa2Certificate PSCommand_Remove-Pfa2Certificate PSCmdlet_New-Pfa2CertificateSigningRequest PSCommand_New-Pfa2CertificateSigningRequest PSCmdlet_Get-Pfa2Connection PSCommand_Get-Pfa2Connection PSCmdlet_New-Pfa2Connection PSCommand_New-Pfa2Connection PSCmdlet_Remove-Pfa2Connection PSCommand_Remove-Pfa2Connection PSCmdlet_Get-Pfa2ContainerDefaultProtection PSCommand_Get-Pfa2ContainerDefaultProtection PSCmdlet_Update-Pfa2ContainerDefaultProtection PSCommand_Update-Pfa2ContainerDefaultProtection PSCmdlet_Get-Pfa2Controller PSCommand_Get-Pfa2Controller PSCmdlet_Get-Pfa2Directory PSCommand_Get-Pfa2Directory PSCmdlet_New-Pfa2Directory PSCommand_New-Pfa2Directory PSCmdlet_Update-Pfa2Directory PSCommand_Update-Pfa2Directory PSCmdlet_Remove-Pfa2Directory PSCommand_Remove-Pfa2Directory PSCmdlet_Get-Pfa2DirectoryPerformance PSCommand_Get-Pfa2DirectoryPerformance PSCmdlet_Get-Pfa2DirectoryPolicy PSCommand_Get-Pfa2DirectoryPolicy PSCmdlet_Get-Pfa2DirectoryPolicyAutodir PSCommand_Get-Pfa2DirectoryPolicyAutodir PSCmdlet_New-Pfa2DirectoryPolicyAutodir PSCommand_New-Pfa2DirectoryPolicyAutodir PSCmdlet_Remove-Pfa2DirectoryPolicyAutodir PSCommand_Remove-Pfa2DirectoryPolicyAutodir PSCmdlet_Get-Pfa2DirectoryPolicyNfs PSCommand_Get-Pfa2DirectoryPolicyNfs PSCmdlet_New-Pfa2DirectoryPolicyNfs PSCommand_New-Pfa2DirectoryPolicyNfs PSCmdlet_Remove-Pfa2DirectoryPolicyNfs PSCommand_Remove-Pfa2DirectoryPolicyNfs PSCmdlet_Get-Pfa2DirectoryPolicyQuota PSCommand_Get-Pfa2DirectoryPolicyQuota PSCmdlet_New-Pfa2DirectoryPolicyQuota PSCommand_New-Pfa2DirectoryPolicyQuota PSCmdlet_Remove-Pfa2DirectoryPolicyQuota PSCommand_Remove-Pfa2DirectoryPolicyQuota PSCmdlet_Get-Pfa2DirectoryPolicySmb PSCommand_Get-Pfa2DirectoryPolicySmb PSCmdlet_New-Pfa2DirectoryPolicySmb PSCommand_New-Pfa2DirectoryPolicySmb PSCmdlet_Remove-Pfa2DirectoryPolicySmb PSCommand_Remove-Pfa2DirectoryPolicySmb PSCmdlet_Get-Pfa2DirectoryPolicySnapshot PSCommand_Get-Pfa2DirectoryPolicySnapshot PSCmdlet_New-Pfa2DirectoryPolicySnapshot PSCommand_New-Pfa2DirectoryPolicySnapshot PSCmdlet_Remove-Pfa2DirectoryPolicySnapshot PSCommand_Remove-Pfa2DirectoryPolicySnapshot PSCmdlet_Get-Pfa2DirectorySpace PSCommand_Get-Pfa2DirectorySpace PSCmdlet_Get-Pfa2DirectoryExport PSCommand_Get-Pfa2DirectoryExport PSCmdlet_New-Pfa2DirectoryExport PSCommand_New-Pfa2DirectoryExport PSCmdlet_Remove-Pfa2DirectoryExport PSCommand_Remove-Pfa2DirectoryExport PSCmdlet_Get-Pfa2DirectoryQuota PSCommand_Get-Pfa2DirectoryQuota PSCmdlet_Get-Pfa2DirectoryService PSCommand_Get-Pfa2DirectoryService PSCmdlet_Update-Pfa2DirectoryService PSCommand_Update-Pfa2DirectoryService PSCmdlet_Get-Pfa2DirectoryServiceRole PSCommand_Get-Pfa2DirectoryServiceRole PSCmdlet_Update-Pfa2DirectoryServiceRole PSCommand_Update-Pfa2DirectoryServiceRole PSCmdlet_Get-Pfa2DirectoryServiceTest PSCommand_Get-Pfa2DirectoryServiceTest PSCmdlet_Get-Pfa2DirectoryServiceLocalGroup PSCommand_Get-Pfa2DirectoryServiceLocalGroup PSCmdlet_New-Pfa2DirectoryServiceLocalGroup PSCommand_New-Pfa2DirectoryServiceLocalGroup PSCmdlet_Update-Pfa2DirectoryServiceLocalGroup PSCommand_Update-Pfa2DirectoryServiceLocalGroup PSCmdlet_Remove-Pfa2DirectoryServiceLocalGroup PSCommand_Remove-Pfa2DirectoryServiceLocalGroup PSCmdlet_Get-Pfa2DirectoryServiceLocalGroupMember PSCommand_Get-Pfa2DirectoryServiceLocalGroupMember PSCmdlet_New-Pfa2DirectoryServiceLocalGroupMember PSCommand_New-Pfa2DirectoryServiceLocalGroupMember PSCmdlet_Get-Pfa2DirectoryServiceLocalUser PSCommand_Get-Pfa2DirectoryServiceLocalUser PSCmdlet_New-Pfa2DirectoryServiceLocalUser PSCommand_New-Pfa2DirectoryServiceLocalUser PSCmdlet_Update-Pfa2DirectoryServiceLocalUser PSCommand_Update-Pfa2DirectoryServiceLocalUser PSCmdlet_Remove-Pfa2DirectoryServiceLocalUser PSCommand_Remove-Pfa2DirectoryServiceLocalUser PSCmdlet_Get-Pfa2DirectoryServiceLocalUserMember PSCommand_Get-Pfa2DirectoryServiceLocalUserMember PSCmdlet_New-Pfa2DirectoryServiceLocalUserMember PSCommand_New-Pfa2DirectoryServiceLocalUserMember PSCmdlet_Remove-Pfa2DirectoryServiceLocalUserMember PSCommand_Remove-Pfa2DirectoryServiceLocalUserMember PSCmdlet_Get-Pfa2DirectorySnapshot PSCommand_Get-Pfa2DirectorySnapshot PSCmdlet_New-Pfa2DirectorySnapshot PSCommand_New-Pfa2DirectorySnapshot PSCmdlet_Update-Pfa2DirectorySnapshot PSCommand_Update-Pfa2DirectorySnapshot PSCmdlet_Remove-Pfa2DirectorySnapshot PSCommand_Remove-Pfa2DirectorySnapshot PSCmdlet_Get-Pfa2Dns PSCommand_Get-Pfa2Dns PSCmdlet_New-Pfa2Dns PSCommand_New-Pfa2Dns PSCmdlet_Update-Pfa2Dns PSCommand_Update-Pfa2Dns PSCmdlet_Remove-Pfa2Dns PSCommand_Remove-Pfa2Dns PSCmdlet_Get-Pfa2Drive PSCommand_Get-Pfa2Drive PSCmdlet_Update-Pfa2Drive PSCommand_Update-Pfa2Drive PSCmdlet_Get-Pfa2FileSystem PSCommand_Get-Pfa2FileSystem PSCmdlet_New-Pfa2FileSystem PSCommand_New-Pfa2FileSystem PSCmdlet_Update-Pfa2FileSystem PSCommand_Update-Pfa2FileSystem PSCmdlet_Remove-Pfa2FileSystem PSCommand_Remove-Pfa2FileSystem PSCmdlet_Get-Pfa2Hardware PSCommand_Get-Pfa2Hardware PSCmdlet_Update-Pfa2Hardware PSCommand_Update-Pfa2Hardware PSCmdlet_Get-Pfa2HostGroup PSCommand_Get-Pfa2HostGroup PSCmdlet_New-Pfa2HostGroup PSCommand_New-Pfa2HostGroup PSCmdlet_Update-Pfa2HostGroup PSCommand_Update-Pfa2HostGroup PSCmdlet_Remove-Pfa2HostGroup PSCommand_Remove-Pfa2HostGroup PSCmdlet_Get-Pfa2HostGroupHost PSCommand_Get-Pfa2HostGroupHost PSCmdlet_New-Pfa2HostGroupHost PSCommand_New-Pfa2HostGroupHost PSCmdlet_Remove-Pfa2HostGroupHost PSCommand_Remove-Pfa2HostGroupHost PSCmdlet_Get-Pfa2HostGroupPerformance PSCommand_Get-Pfa2HostGroupPerformance PSCmdlet_Get-Pfa2HostGroupPerformanceByArray PSCommand_Get-Pfa2HostGroupPerformanceByArray PSCmdlet_Get-Pfa2HostGroupProtectionGroup PSCommand_Get-Pfa2HostGroupProtectionGroup PSCmdlet_New-Pfa2HostGroupProtectionGroup PSCommand_New-Pfa2HostGroupProtectionGroup PSCmdlet_Remove-Pfa2HostGroupProtectionGroup PSCommand_Remove-Pfa2HostGroupProtectionGroup PSCmdlet_Get-Pfa2HostGroupSpace PSCommand_Get-Pfa2HostGroupSpace PSCmdlet_Get-Pfa2Host PSCommand_Get-Pfa2Host PSCmdlet_New-Pfa2Host PSCommand_New-Pfa2Host PSCmdlet_Update-Pfa2Host PSCommand_Update-Pfa2Host PSCmdlet_Remove-Pfa2Host PSCommand_Remove-Pfa2Host PSCmdlet_Get-Pfa2HostHostGroup PSCommand_Get-Pfa2HostHostGroup PSCmdlet_New-Pfa2HostHostGroup PSCommand_New-Pfa2HostHostGroup PSCmdlet_Remove-Pfa2HostHostGroup PSCommand_Remove-Pfa2HostHostGroup PSCmdlet_Get-Pfa2HostPerformance PSCommand_Get-Pfa2HostPerformance PSCmdlet_Get-Pfa2HostPerformanceBalance PSCommand_Get-Pfa2HostPerformanceBalance PSCmdlet_Get-Pfa2HostPerformanceByArray PSCommand_Get-Pfa2HostPerformanceByArray PSCmdlet_Get-Pfa2HostProtectionGroup PSCommand_Get-Pfa2HostProtectionGroup PSCmdlet_New-Pfa2HostProtectionGroup PSCommand_New-Pfa2HostProtectionGroup PSCmdlet_Remove-Pfa2HostProtectionGroup PSCommand_Remove-Pfa2HostProtectionGroup PSCmdlet_Get-Pfa2HostSpace PSCommand_Get-Pfa2HostSpace PSCmdlet_Get-Pfa2Kmip PSCommand_Get-Pfa2Kmip PSCmdlet_New-Pfa2Kmip PSCommand_New-Pfa2Kmip PSCmdlet_Update-Pfa2Kmip PSCommand_Update-Pfa2Kmip PSCmdlet_Remove-Pfa2Kmip PSCommand_Remove-Pfa2Kmip PSCmdlet_Get-Pfa2KmipTest PSCommand_Get-Pfa2KmipTest PSCmdlet_Get-Pfa2MaintenanceWindow PSCommand_Get-Pfa2MaintenanceWindow PSCmdlet_New-Pfa2MaintenanceWindow PSCommand_New-Pfa2MaintenanceWindow PSCmdlet_Remove-Pfa2MaintenanceWindow PSCommand_Remove-Pfa2MaintenanceWindow PSCmdlet_Get-Pfa2NetworkInterface PSCommand_Get-Pfa2NetworkInterface PSCmdlet_New-Pfa2NetworkInterface PSCommand_New-Pfa2NetworkInterface PSCmdlet_Update-Pfa2NetworkInterface PSCommand_Update-Pfa2NetworkInterface PSCmdlet_Remove-Pfa2NetworkInterface PSCommand_Remove-Pfa2NetworkInterface PSCmdlet_Get-Pfa2NetworkInterfaceNeighbor PSCommand_Get-Pfa2NetworkInterfaceNeighbor PSCmdlet_Get-Pfa2NetworkInterfacePerformance PSCommand_Get-Pfa2NetworkInterfacePerformance PSCmdlet_Get-Pfa2NetworkInterfacePortDetail PSCommand_Get-Pfa2NetworkInterfacePortDetail PSCmdlet_Get-Pfa2Offload PSCommand_Get-Pfa2Offload PSCmdlet_New-Pfa2Offload PSCommand_New-Pfa2Offload PSCmdlet_Remove-Pfa2Offload PSCommand_Remove-Pfa2Offload PSCmdlet_Get-Pfa2Pod PSCommand_Get-Pfa2Pod PSCmdlet_New-Pfa2Pod PSCommand_New-Pfa2Pod PSCmdlet_Update-Pfa2Pod PSCommand_Update-Pfa2Pod PSCmdlet_Remove-Pfa2Pod PSCommand_Remove-Pfa2Pod PSCmdlet_Get-Pfa2PodArray PSCommand_Get-Pfa2PodArray PSCmdlet_New-Pfa2PodArray PSCommand_New-Pfa2PodArray PSCmdlet_Remove-Pfa2PodArray PSCommand_Remove-Pfa2PodArray PSCmdlet_Get-Pfa2PodPerformance PSCommand_Get-Pfa2PodPerformance PSCmdlet_Get-Pfa2PodPerformanceByArray PSCommand_Get-Pfa2PodPerformanceByArray PSCmdlet_Get-Pfa2PodPerformanceReplication PSCommand_Get-Pfa2PodPerformanceReplication PSCmdlet_Get-Pfa2PodPerformanceReplicationByArray PSCommand_Get-Pfa2PodPerformanceReplicationByArray PSCmdlet_Get-Pfa2PodSpace PSCommand_Get-Pfa2PodSpace PSCmdlet_Get-Pfa2PodReplicaLink PSCommand_Get-Pfa2PodReplicaLink PSCmdlet_New-Pfa2PodReplicaLink PSCommand_New-Pfa2PodReplicaLink PSCmdlet_Update-Pfa2PodReplicaLink PSCommand_Update-Pfa2PodReplicaLink PSCmdlet_Remove-Pfa2PodReplicaLink PSCommand_Remove-Pfa2PodReplicaLink PSCmdlet_Get-Pfa2PodReplicaLinkLag PSCommand_Get-Pfa2PodReplicaLinkLag PSCmdlet_Get-Pfa2PodReplicaLinkPerformanceReplication PSCommand_Get-Pfa2PodReplicaLinkPerformanceReplication PSCmdlet_Get-Pfa2Policy PSCommand_Get-Pfa2Policy PSCmdlet_Get-Pfa2PolicyAutodir PSCommand_Get-Pfa2PolicyAutodir PSCmdlet_New-Pfa2PolicyAutodir PSCommand_New-Pfa2PolicyAutodir PSCmdlet_Update-Pfa2PolicyAutodir PSCommand_Update-Pfa2PolicyAutodir PSCmdlet_Remove-Pfa2PolicyAutodir PSCommand_Remove-Pfa2PolicyAutodir PSCmdlet_Get-Pfa2PolicyAutodirMember PSCommand_Get-Pfa2PolicyAutodirMember PSCmdlet_New-Pfa2PolicyAutodirMember PSCommand_New-Pfa2PolicyAutodirMember PSCmdlet_Remove-Pfa2PolicyAutodirMember PSCommand_Remove-Pfa2PolicyAutodirMember PSCmdlet_Get-Pfa2PolicyMember PSCommand_Get-Pfa2PolicyMember PSCmdlet_Get-Pfa2PolicyNfs PSCommand_Get-Pfa2PolicyNfs PSCmdlet_New-Pfa2PolicyNfs PSCommand_New-Pfa2PolicyNfs PSCmdlet_Update-Pfa2PolicyNfs PSCommand_Update-Pfa2PolicyNfs PSCmdlet_Remove-Pfa2PolicyNfs PSCommand_Remove-Pfa2PolicyNfs PSCmdlet_Get-Pfa2PolicyNfsClientRule PSCommand_Get-Pfa2PolicyNfsClientRule PSCmdlet_New-Pfa2PolicyNfsClientRule PSCommand_New-Pfa2PolicyNfsClientRule PSCmdlet_Remove-Pfa2PolicyNfsClientRule PSCommand_Remove-Pfa2PolicyNfsClientRule PSCmdlet_Get-Pfa2PolicyNfsMember PSCommand_Get-Pfa2PolicyNfsMember PSCmdlet_New-Pfa2PolicyNfsMember PSCommand_New-Pfa2PolicyNfsMember PSCmdlet_Remove-Pfa2PolicyNfsMember PSCommand_Remove-Pfa2PolicyNfsMember PSCmdlet_Get-Pfa2PolicyQuota PSCommand_Get-Pfa2PolicyQuota PSCmdlet_New-Pfa2PolicyQuota PSCommand_New-Pfa2PolicyQuota PSCmdlet_Update-Pfa2PolicyQuota PSCommand_Update-Pfa2PolicyQuota PSCmdlet_Remove-Pfa2PolicyQuota PSCommand_Remove-Pfa2PolicyQuota PSCmdlet_Get-Pfa2PolicyQuotaMember PSCommand_Get-Pfa2PolicyQuotaMember PSCmdlet_New-Pfa2PolicyQuotaMember PSCommand_New-Pfa2PolicyQuotaMember PSCmdlet_Remove-Pfa2PolicyQuotaMember PSCommand_Remove-Pfa2PolicyQuotaMember PSCmdlet_Get-Pfa2PolicyQuotaRule PSCommand_Get-Pfa2PolicyQuotaRule PSCmdlet_New-Pfa2PolicyQuotaRule PSCommand_New-Pfa2PolicyQuotaRule PSCmdlet_Update-Pfa2PolicyQuotaRule PSCommand_Update-Pfa2PolicyQuotaRule PSCmdlet_Remove-Pfa2PolicyQuotaRule PSCommand_Remove-Pfa2PolicyQuotaRule PSCmdlet_Get-Pfa2PolicySmb PSCommand_Get-Pfa2PolicySmb PSCmdlet_New-Pfa2PolicySmb PSCommand_New-Pfa2PolicySmb PSCmdlet_Update-Pfa2PolicySmb PSCommand_Update-Pfa2PolicySmb PSCmdlet_Remove-Pfa2PolicySmb PSCommand_Remove-Pfa2PolicySmb PSCmdlet_Get-Pfa2PolicySmbClientRule PSCommand_Get-Pfa2PolicySmbClientRule PSCmdlet_New-Pfa2PolicySmbClientRule PSCommand_New-Pfa2PolicySmbClientRule PSCmdlet_Remove-Pfa2PolicySmbClientRule PSCommand_Remove-Pfa2PolicySmbClientRule PSCmdlet_Get-Pfa2PolicySmbMember PSCommand_Get-Pfa2PolicySmbMember PSCmdlet_New-Pfa2PolicySmbMember PSCommand_New-Pfa2PolicySmbMember PSCmdlet_Remove-Pfa2PolicySmbMember PSCommand_Remove-Pfa2PolicySmbMember PSCmdlet_Get-Pfa2PolicySnapshot PSCommand_Get-Pfa2PolicySnapshot PSCmdlet_New-Pfa2PolicySnapshot PSCommand_New-Pfa2PolicySnapshot PSCmdlet_Update-Pfa2PolicySnapshot PSCommand_Update-Pfa2PolicySnapshot PSCmdlet_Remove-Pfa2PolicySnapshot PSCommand_Remove-Pfa2PolicySnapshot PSCmdlet_Get-Pfa2PolicySnapshotMember PSCommand_Get-Pfa2PolicySnapshotMember PSCmdlet_New-Pfa2PolicySnapshotMember PSCommand_New-Pfa2PolicySnapshotMember PSCmdlet_Remove-Pfa2PolicySnapshotMember PSCommand_Remove-Pfa2PolicySnapshotMember PSCmdlet_Get-Pfa2PolicySnapshotRule PSCommand_Get-Pfa2PolicySnapshotRule PSCmdlet_New-Pfa2PolicySnapshotRule PSCommand_New-Pfa2PolicySnapshotRule PSCmdlet_Remove-Pfa2PolicySnapshotRule PSCommand_Remove-Pfa2PolicySnapshotRule PSCmdlet_Get-Pfa2Port PSCommand_Get-Pfa2Port PSCmdlet_Get-Pfa2PortInitiator PSCommand_Get-Pfa2PortInitiator PSCmdlet_Get-Pfa2ProtectionGroup PSCommand_Get-Pfa2ProtectionGroup PSCmdlet_New-Pfa2ProtectionGroup PSCommand_New-Pfa2ProtectionGroup PSCmdlet_Update-Pfa2ProtectionGroup PSCommand_Update-Pfa2ProtectionGroup PSCmdlet_Remove-Pfa2ProtectionGroup PSCommand_Remove-Pfa2ProtectionGroup PSCmdlet_Get-Pfa2ProtectionGroupHost PSCommand_Get-Pfa2ProtectionGroupHost PSCmdlet_New-Pfa2ProtectionGroupHost PSCommand_New-Pfa2ProtectionGroupHost PSCmdlet_Remove-Pfa2ProtectionGroupHost PSCommand_Remove-Pfa2ProtectionGroupHost PSCmdlet_Get-Pfa2ProtectionGroupHostGroup PSCommand_Get-Pfa2ProtectionGroupHostGroup PSCmdlet_New-Pfa2ProtectionGroupHostGroup PSCommand_New-Pfa2ProtectionGroupHostGroup PSCmdlet_Remove-Pfa2ProtectionGroupHostGroup PSCommand_Remove-Pfa2ProtectionGroupHostGroup PSCmdlet_Get-Pfa2ProtectionGroupPerformanceReplication PSCommand_Get-Pfa2ProtectionGroupPerformanceReplication PSCmdlet_Get-Pfa2ProtectionGroupPerformanceReplicationByArray PSCommand_Get-Pfa2ProtectionGroupPerformanceReplicationByArray PSCmdlet_Get-Pfa2ProtectionGroupSpace PSCommand_Get-Pfa2ProtectionGroupSpace PSCmdlet_Get-Pfa2ProtectionGroupTarget PSCommand_Get-Pfa2ProtectionGroupTarget PSCmdlet_New-Pfa2ProtectionGroupTarget PSCommand_New-Pfa2ProtectionGroupTarget PSCmdlet_Update-Pfa2ProtectionGroupTarget PSCommand_Update-Pfa2ProtectionGroupTarget PSCmdlet_Remove-Pfa2ProtectionGroupTarget PSCommand_Remove-Pfa2ProtectionGroupTarget PSCmdlet_Get-Pfa2ProtectionGroupVolume PSCommand_Get-Pfa2ProtectionGroupVolume PSCmdlet_New-Pfa2ProtectionGroupVolume PSCommand_New-Pfa2ProtectionGroupVolume PSCmdlet_Remove-Pfa2ProtectionGroupVolume PSCommand_Remove-Pfa2ProtectionGroupVolume PSCmdlet_Get-Pfa2ProtectionGroupSnapshot PSCommand_Get-Pfa2ProtectionGroupSnapshot PSCmdlet_New-Pfa2ProtectionGroupSnapshot PSCommand_New-Pfa2ProtectionGroupSnapshot PSCmdlet_Update-Pfa2ProtectionGroupSnapshot PSCommand_Update-Pfa2ProtectionGroupSnapshot PSCmdlet_Remove-Pfa2ProtectionGroupSnapshot PSCommand_Remove-Pfa2ProtectionGroupSnapshot PSCmdlet_Get-Pfa2ProtectionGroupSnapshotTransfer PSCommand_Get-Pfa2ProtectionGroupSnapshotTransfer PSCmdlet_Get-Pfa2RemotePod PSCommand_Get-Pfa2RemotePod PSCmdlet_Get-Pfa2RemoteProtectionGroup PSCommand_Get-Pfa2RemoteProtectionGroup PSCmdlet_Update-Pfa2RemoteProtectionGroup PSCommand_Update-Pfa2RemoteProtectionGroup PSCmdlet_Remove-Pfa2RemoteProtectionGroup PSCommand_Remove-Pfa2RemoteProtectionGroup PSCmdlet_Get-Pfa2RemoteProtectionGroupSnapshot PSCommand_Get-Pfa2RemoteProtectionGroupSnapshot PSCmdlet_New-Pfa2RemoteProtectionGroupSnapshot PSCommand_New-Pfa2RemoteProtectionGroupSnapshot PSCmdlet_Update-Pfa2RemoteProtectionGroupSnapshot PSCommand_Update-Pfa2RemoteProtectionGroupSnapshot PSCmdlet_Remove-Pfa2RemoteProtectionGroupSnapshot PSCommand_Remove-Pfa2RemoteProtectionGroupSnapshot PSCmdlet_Get-Pfa2RemoteProtectionGroupSnapshotTransfer PSCommand_Get-Pfa2RemoteProtectionGroupSnapshotTransfer PSCmdlet_Get-Pfa2RemoteVolumeSnapshot PSCommand_Get-Pfa2RemoteVolumeSnapshot PSCmdlet_New-Pfa2RemoteVolumeSnapshot PSCommand_New-Pfa2RemoteVolumeSnapshot PSCmdlet_Update-Pfa2RemoteVolumeSnapshot PSCommand_Update-Pfa2RemoteVolumeSnapshot PSCmdlet_Remove-Pfa2RemoteVolumeSnapshot PSCommand_Remove-Pfa2RemoteVolumeSnapshot PSCmdlet_Get-Pfa2RemoteVolumeSnapshotTransfer PSCommand_Get-Pfa2RemoteVolumeSnapshotTransfer PSCmdlet_Get-Pfa2Session PSCommand_Get-Pfa2Session PSCmdlet_Get-Pfa2SmiS PSCommand_Get-Pfa2SmiS PSCmdlet_Update-Pfa2SmiS PSCommand_Update-Pfa2SmiS PSCmdlet_Get-Pfa2SmtpServer PSCommand_Get-Pfa2SmtpServer PSCmdlet_Update-Pfa2SmtpServer PSCommand_Update-Pfa2SmtpServer PSCmdlet_Get-Pfa2SnmpAgent PSCommand_Get-Pfa2SnmpAgent PSCmdlet_Update-Pfa2SnmpAgent PSCommand_Update-Pfa2SnmpAgent PSCmdlet_Get-Pfa2SnmpAgentMib PSCommand_Get-Pfa2SnmpAgentMib PSCmdlet_Get-Pfa2SnmpManager PSCommand_Get-Pfa2SnmpManager PSCmdlet_New-Pfa2SnmpManager PSCommand_New-Pfa2SnmpManager PSCmdlet_Update-Pfa2SnmpManager PSCommand_Update-Pfa2SnmpManager PSCmdlet_Remove-Pfa2SnmpManager PSCommand_Remove-Pfa2SnmpManager PSCmdlet_Get-Pfa2SnmpManagerTest PSCommand_Get-Pfa2SnmpManagerTest PSCmdlet_Get-Pfa2Software PSCommand_Get-Pfa2Software PSCmdlet_New-Pfa2Software PSCommand_New-Pfa2Software PSCmdlet_Remove-Pfa2Software PSCommand_Remove-Pfa2Software PSCmdlet_Get-Pfa2SoftwareBundle PSCommand_Get-Pfa2SoftwareBundle PSCmdlet_New-Pfa2SoftwareBundle PSCommand_New-Pfa2SoftwareBundle PSCmdlet_Get-Pfa2SoftwareCheck PSCommand_Get-Pfa2SoftwareCheck PSCmdlet_New-Pfa2SoftwareCheck PSCommand_New-Pfa2SoftwareCheck PSCmdlet_Remove-Pfa2SoftwareCheck PSCommand_Remove-Pfa2SoftwareCheck PSCmdlet_Get-Pfa2SoftwareInstallation PSCommand_Get-Pfa2SoftwareInstallation PSCmdlet_New-Pfa2SoftwareInstallation PSCommand_New-Pfa2SoftwareInstallation PSCmdlet_Update-Pfa2SoftwareInstallation PSCommand_Update-Pfa2SoftwareInstallation PSCmdlet_Get-Pfa2SoftwareInstallationStep PSCommand_Get-Pfa2SoftwareInstallationStep PSCmdlet_Get-Pfa2SoftwarePatch PSCommand_Get-Pfa2SoftwarePatch PSCmdlet_Get-Pfa2SoftwarePatchCatalog PSCommand_Get-Pfa2SoftwarePatchCatalog PSCmdlet_Get-Pfa2SoftwareVersion PSCommand_Get-Pfa2SoftwareVersion PSCmdlet_Get-Pfa2SsoSaml2 PSCommand_Get-Pfa2SsoSaml2 PSCmdlet_New-Pfa2SsoSaml2 PSCommand_New-Pfa2SsoSaml2 PSCmdlet_Update-Pfa2SsoSaml2 PSCommand_Update-Pfa2SsoSaml2 PSCmdlet_Remove-Pfa2SsoSaml2 PSCommand_Remove-Pfa2SsoSaml2 PSCmdlet_Get-Pfa2SsoSaml2Test PSCommand_Get-Pfa2SsoSaml2Test PSCmdlet_Update-Pfa2SsoSaml2Test PSCommand_Update-Pfa2SsoSaml2Test PSCmdlet_Get-Pfa2Subnet PSCommand_Get-Pfa2Subnet PSCmdlet_New-Pfa2Subnet PSCommand_New-Pfa2Subnet PSCmdlet_Update-Pfa2Subnet PSCommand_Update-Pfa2Subnet PSCmdlet_Remove-Pfa2Subnet PSCommand_Remove-Pfa2Subnet PSCmdlet_Get-Pfa2Support PSCommand_Get-Pfa2Support PSCmdlet_Update-Pfa2Support PSCommand_Update-Pfa2Support PSCmdlet_Get-Pfa2SupportTest PSCommand_Get-Pfa2SupportTest PSCmdlet_Get-Pfa2SyslogServer PSCommand_Get-Pfa2SyslogServer PSCmdlet_New-Pfa2SyslogServer PSCommand_New-Pfa2SyslogServer PSCmdlet_Update-Pfa2SyslogServer PSCommand_Update-Pfa2SyslogServer PSCmdlet_Remove-Pfa2SyslogServer PSCommand_Remove-Pfa2SyslogServer PSCmdlet_Get-Pfa2SyslogServerSetting PSCommand_Get-Pfa2SyslogServerSetting PSCmdlet_Update-Pfa2SyslogServerSetting PSCommand_Update-Pfa2SyslogServerSetting PSCmdlet_Get-Pfa2SyslogServerTest PSCommand_Get-Pfa2SyslogServerTest PSCmdlet_Get-Pfa2VirtualMachine PSCommand_Get-Pfa2VirtualMachine PSCmdlet_New-Pfa2VirtualMachine PSCommand_New-Pfa2VirtualMachine PSCmdlet_Update-Pfa2VirtualMachine PSCommand_Update-Pfa2VirtualMachine PSCmdlet_Get-Pfa2VirtualMachineSnapshot PSCommand_Get-Pfa2VirtualMachineSnapshot PSCmdlet_Get-Pfa2Volume PSCommand_Get-Pfa2Volume PSCmdlet_New-Pfa2Volume PSCommand_New-Pfa2Volume PSCmdlet_Update-Pfa2Volume PSCommand_Update-Pfa2Volume PSCmdlet_Remove-Pfa2Volume PSCommand_Remove-Pfa2Volume PSCmdlet_Get-Pfa2VolumeDiff PSCommand_Get-Pfa2VolumeDiff PSCmdlet_Get-Pfa2VolumePerformance PSCommand_Get-Pfa2VolumePerformance PSCmdlet_Get-Pfa2VolumePerformanceByArray PSCommand_Get-Pfa2VolumePerformanceByArray PSCmdlet_Get-Pfa2VolumeProtectionGroup PSCommand_Get-Pfa2VolumeProtectionGroup PSCmdlet_New-Pfa2VolumeProtectionGroup PSCommand_New-Pfa2VolumeProtectionGroup PSCmdlet_Remove-Pfa2VolumeProtectionGroup PSCommand_Remove-Pfa2VolumeProtectionGroup PSCmdlet_Get-Pfa2VolumeSpace PSCommand_Get-Pfa2VolumeSpace PSCmdlet_Get-Pfa2VolumeTag PSCommand_Get-Pfa2VolumeTag PSCmdlet_Remove-Pfa2VolumeTag PSCommand_Remove-Pfa2VolumeTag PSCmdlet_Set-Pfa2VolumeTagBatch PSCommand_Set-Pfa2VolumeTagBatch PSCmdlet_Get-Pfa2VolumeVolumeGroup PSCommand_Get-Pfa2VolumeVolumeGroup PSCmdlet_Get-Pfa2VolumeGroup PSCommand_Get-Pfa2VolumeGroup PSCmdlet_New-Pfa2VolumeGroup PSCommand_New-Pfa2VolumeGroup PSCmdlet_Update-Pfa2VolumeGroup PSCommand_Update-Pfa2VolumeGroup PSCmdlet_Remove-Pfa2VolumeGroup PSCommand_Remove-Pfa2VolumeGroup PSCmdlet_Get-Pfa2VolumeGroupPerformance PSCommand_Get-Pfa2VolumeGroupPerformance PSCmdlet_Get-Pfa2VolumeGroupSpace PSCommand_Get-Pfa2VolumeGroupSpace PSCmdlet_Get-Pfa2VolumeGroupVolume PSCommand_Get-Pfa2VolumeGroupVolume PSCmdlet_Get-Pfa2VolumeSnapshot PSCommand_Get-Pfa2VolumeSnapshot PSCmdlet_New-Pfa2VolumeSnapshot PSCommand_New-Pfa2VolumeSnapshot PSCmdlet_Update-Pfa2VolumeSnapshot PSCommand_Update-Pfa2VolumeSnapshot PSCmdlet_Remove-Pfa2VolumeSnapshot PSCommand_Remove-Pfa2VolumeSnapshot PSCmdlet_Get-Pfa2VolumeSnapshotTransfer PSCommand_Get-Pfa2VolumeSnapshotTransfer PSCmdlet_Get-Pfa2VolumeSnapshotTags PSCommand_Get-Pfa2VolumeSnapshotTags PSCmdlet_Remove-Pfa2VolumeSnapshotTags PSCommand_Remove-Pfa2VolumeSnapshotTags PSCmdlet_Set-Pfa2VolumeSnapshotTagsBatch PSCommand_Set-Pfa2VolumeSnapshotTagsBatch PSIncludes_Cmdlet</S>
          <S N="developmentDependency">False</S>
          <S N="updated">2024-01-25T04:06:38Z</S>
          <S N="NormalizedVersion">2.24.70</S>
          <S N="Authors">Pure Storage Inc.</S>
          <S N="IsPrerelease">false</S>
          <S N="ItemType">Module</S>
          <S N="FileList">PureStoragePowerShellSDK2.nuspec|About_Pfa2Configuration.help.txt|About_Pfa2Filtering.Help.txt|About_Pfa2Safemode.help.txt|BouncyCastle.Crypto.dll|EUA.rtf|JWT.dll|licenses.txt|Microsoft.IdentityModel.JsonWebTokens.dll|Microsoft.IdentityModel.Logging.dll|Microsoft.IdentityModel.Tokens.dll|Newtonsoft.Json.dll|PureStorage.Rest.Shared.Std.dll|PureStorage.Rest2.dll|PureStoragePowerShellSDK2.dll|PureStoragePowerShellSDK2.dll-Help.xml|PureStoragePowerShellSDK2.psd1|Renci.SshNet.dll|RestSharp.dll|SshNet.Security.Cryptography.dll|System.ComponentModel.Annotations.dll|System.IdentityModel.Tokens.Jwt.dll</S>
          <S N="GUID">a12b790d-4a25-46c3-a457-910bc7203e1f</S>
          <S N="PowerShellVersion">5.0</S>
          <S N="DotNetFrameworkVersion">3.5</S>
          <S N="ProcessorArchitecture">None</S>
          <S N="CompanyName">Pure Storage, Inc.</S>
        </MS>
      </Obj>
      <S N="InstalledLocation">C:\Users\CP364327\OneDrive - Capitec Bank Ltd\Documents\PowerShell\Modules\PureStoragePowerShellSDK2\2.24.70</S>
    </MS>
  </Obj>
</Objs>
